id,name,matched_query,image_file,image_url,thumbnail,source,title,creator,license,attribution,bytes,status,error
07BC4w8wfLq8QJaX9kgD,Sfenj (Moroccan Doughnut),Sfenj,migrations\images\07BC4w8wfLq8QJaX9kgD_sfenj_moroccan_doughnut.jpg,https://live.staticflickr.com/7391/8955775959_5eb9aee00f.jpg,https://api.openverse.org/v1/images/cdafd417-08c8-4ebd-a0b2-08e43a11aa7d/thumb/,flickr,Desayunando con Sfenj #watercolors #dog,Rafa Esteve,by-nc,"""Desayunando con Sfenj #watercolors #dog"" by Rafa Esteve is licensed under CC BY-NC 2.0. To view a copy of this license, visit https://creativecommons.org/licenses/by-nc/2.0/.",47665,downloaded,
0B9r9JLW8jOi5IPhk090,Sambusa (Ethiopian),Sambusa,migrations\images\0B9r9JLW8jOi5IPhk090_sambusa_ethiopian.jpg,https://live.staticflickr.com/65535/40751446783_6896049465_b.jpg,https://api.openverse.org/v1/images/01c84e66-9855-4620-8e9f-04161d6ca900/thumb/,flickr,"Sambusa plate (Sambusas, Peri peri chicken wings & sweet potato fries)",ali eminov,by-nc,"""Sambusa plate (Sambusas, Peri peri chicken wings & sweet potato fries)"" by ali eminov is licensed under CC BY-NC 2.0. To view a copy of this license, visit https://creativecommons.org/licenses/by-nc/2.0/.",278742,downloaded,
0D8Gq3wLjJeKXFNesh3o,Matoke and Groundnut Sauce,Matoke and Groundnut Sauce,migrations\images\0D8Gq3wLjJeKXFNesh3o_matoke_and_groundnut_sauce.jpg,https://live.staticflickr.com/4017/4427428766_0e27d856fb_b.jpg,https://api.openverse.org/v1/images/5801014c-c73b-4010-834e-37d75be8ca46/thumb/,flickr,"Matoke - Kampala and Entebbe, Uganda",whl.travel,by-nc-sa,"""Matoke - Kampala and Entebbe, Uganda"" by whl.travel is licensed under CC BY-NC-SA 2.0. To view a copy of this license, visit https://creativecommons.org/licenses/by-nc-sa/2.0/.",193840,downloaded,
0h41P6JLhSF8yLKkkrdV,Derssa,,,,,,,,,,,no_match,
0pjUBbNVeJAvQHKTfZhn,Asida,Asida,migrations\images\0pjUBbNVeJAvQHKTfZhn_asida.jpg,https://inaturalist-open-data.s3.amazonaws.com/photos/342513354/original.jpeg,https://api.openverse.org/v1/images/36353253-3f94-486f-9155-147814c5f512/thumb/,inaturalist,Asida sabulosa sabulosa,Felix Riegel,by-nc,"""Asida sabulosa sabulosa"" by Felix Riegel is licensed under CC BY-NC 4.0. To view a copy of this license, visit http://creativecommons.org/licenses/by-nc/4.0/.",852423,downloaded,
0u8ciBprwyNMMe0R3oCX,Fura da Nono,,,,,,,,,,,no_match,
13nonrVm2t7XM6HwdPSr,Red Red,Red Red,migrations\images\13nonrVm2t7XM6HwdPSr_red_red.jpg,https://live.staticflickr.com/2690/4242582553_edb4d6fb0a_b.jpg,https://api.openverse.org/v1/images/76c8c2d2-6a7b-4c9b-b7ec-b2f5eec73796/thumb/,flickr,♫♫ RED RED WINE ♫♫,Stella Blu,by,"""♫♫ RED RED WINE ♫♫"" by Stella Blu is licensed under CC BY 2.0. To view a copy of this license, visit https://creativecommons.org/licenses/by/2.0/.",161608,downloaded,
1XrMIAxspipjKjOBx63B,Mbege,Mbege,migrations\images\1XrMIAxspipjKjOBx63B_mbege.jpg,https://live.staticflickr.com/65535/53965280821_f318205887_b.jpg,https://api.openverse.org/v1/images/3b6648da-84eb-4dde-8512-190ca7013ff2/thumb/,flickr,"Fermenting Mbege, Banana Beer, Mto Wa Mbu Tanzania",AdamCohn,by-nc-nd,"""Fermenting Mbege, Banana Beer, Mto Wa Mbu Tanzania"" by AdamCohn is licensed under CC BY-NC-ND 2.0. To view a copy of this license, visit https://creativecommons.org/licenses/by-nc-nd/2.0/.",221615,downloaded,
1crCmJp7TdfaLHxQgM7r,Maputi (Popcorn),Maputi,migrations\images\1crCmJp7TdfaLHxQgM7r_maputi_popcorn.jpg,https://live.staticflickr.com/5658/21713884920_bd08492a53_b.jpg,https://api.openverse.org/v1/images/1538cec6-8b69-428c-9e9e-ddd5c7ac5738/thumb/,flickr,"Mahirap man o may kaya, maputi, kayumanggi... At kahit ano mang uri ka pa, sayong mundo ay bata ka.",chocoholiccynic,by-nc-sa,"""Mahirap man o may kaya, maputi, kayumanggi... At kahit ano mang uri ka pa, sayong mundo ay bata ka."" by chocoholiccynic is licensed under CC BY-NC-SA 2.0. To view a copy of this license, visit https://creativecommons.org/licenses/by-nc-sa/2.0/.",129754,downloaded,
1hM4zTDAdlOoTJT5SyiO,Kelewele,Kelewele,migrations\images\1hM4zTDAdlOoTJT5SyiO_kelewele.jpg,https://live.staticflickr.com/4264/35441191321_e3b025a4b9_b.jpg,https://api.openverse.org/v1/images/3a24653d-5312-4e82-b40a-9861df2ab128/thumb/,flickr,"Kelewele at Timber Gardens, Croydon, London CR0",Kake .,by-nc-sa,"""Kelewele at Timber Gardens, Croydon, London CR0"" by Kake . is licensed under CC BY-NC-SA 2.0. To view a copy of this license, visit https://creativecommons.org/licenses/by-nc-sa/2.0/.",193745,downloaded,
212ecXUIZWHcQY94SRhX,Moi Moi (Bean Pudding),Moi Moi,migrations\images\212ecXUIZWHcQY94SRhX_moi_moi_bean_pudding.jpg,https://live.staticflickr.com/22/25967537_6d2d4928f0_b.jpg,https://api.openverse.org/v1/images/f55bb943-5dbb-47b9-bea6-2bc91c0538b5/thumb/,flickr,Moi/Moi,zenera,by-sa,"""Moi/Moi"" by zenera is licensed under CC BY-SA 2.0. To view a copy of this license, visit https://creativecommons.org/licenses/by-sa/2.0/.",136629,downloaded,
2P05giwtE9Sg20uEYVmW,Yaji (spice blend),Yaji,migrations\images\2P05giwtE9Sg20uEYVmW_yaji_spice_blend.jpg,https://live.staticflickr.com/2121/1894954194_612bf2c95e_b.jpg,https://api.openverse.org/v1/images/3508f270-756d-4da0-9fd1-05bdd3fa5afc/thumb/,flickr,Yaji-san and Kita-san,jpellgen (@1179_jp),by-nc-nd,"""Yaji-san and Kita-san"" by jpellgen (@1179_jp) is licensed under CC BY-NC-ND 2.0. To view a copy of this license, visit https://creativecommons.org/licenses/by-nc-nd/2.0/.",305808,downloaded,
2YnGh1XgyLALeYZuXuYt,Bunny Chow,Bunny Chow,migrations\images\2YnGh1XgyLALeYZuXuYt_bunny_chow.jpg,https://live.staticflickr.com/5586/29777347743_baf9b8a7f8_b.jpg,https://api.openverse.org/v1/images/0a973d53-2e7a-4130-aa5b-1e6487832603/thumb/,flickr,Finally.... The bunny chow of Durban 😂😂😂 #bunnychow #curry #durban #umhlanga #southafrica #africadosul #indiana,markhillary,by,"""Finally.... The bunny chow of Durban 😂😂😂 #bunnychow #curry #durban #umhlanga #southafrica #africadosul #indiana"" by markhillary is licensed under CC BY 2.0. To view a copy of this license, visit https://creativecommons.org/licenses/by/2.0/.",253115,downloaded,
2v9cZJx9I6pjixOCFYqV,Gurasa,,,,,,,,,,,no_match,
2xmuwHfnlWWCke3faQeT,Kisra (Sudanese Flatbread),Kisra,migrations\images\2xmuwHfnlWWCke3faQeT_kisra_sudanese_flatbread.jpg,https://live.staticflickr.com/8511/8526766978_14bf090434_b.jpg,https://api.openverse.org/v1/images/83247026-e18d-4ace-ac6e-fa695ae33669/thumb/,flickr,Kisra-Siliana,Ben Gharbia Mehdi,by-nc-nd,"""Kisra-Siliana"" by Ben Gharbia Mehdi is licensed under CC BY-NC-ND 2.0. To view a copy of this license, visit https://creativecommons.org/licenses/by-nc-nd/2.0/.",129135,downloaded,
3D2tWGrvK1GerA5y9R7G,Bazin,Bazin,migrations\images\3D2tWGrvK1GerA5y9R7G_bazin.jpg,https://live.staticflickr.com/122/305584145_6e909096af_b.jpg,https://api.openverse.org/v1/images/81abcd0e-461d-4795-83d2-89da19bcadb2/thumb/,flickr,Michel Bazin,Alain Bachellier,by-nc-nd,"""Michel Bazin"" by Alain Bachellier is licensed under CC BY-NC-ND 2.0. To view a copy of this license, visit https://creativecommons.org/licenses/by-nc-nd/2.0/.",175682,downloaded,
3JWmBjAVKEozavnO6Zzp,Daraba (Okra Stew),Daraba,migrations\images\3JWmBjAVKEozavnO6Zzp_daraba_okra_stew.jpg,https://inaturalist-open-data.s3.amazonaws.com/photos/44753592/original.jpeg,https://api.openverse.org/v1/images/5f2868c2-6a63-42c6-8ec9-98a80eca1230/thumb/,inaturalist,Strymon daraba,rick-uhlen,by-nc,"""Strymon daraba"" by rick-uhlen is licensed under CC BY-NC 4.0. To view a copy of this license, visit http://creativecommons.org/licenses/by-nc/4.0/.",2630255,downloaded,
3NpoiRyKZfD93DtHbCjt,Ofada Rice & Ayamase Stew,,,,,,,,,,,no_match,
3X4cpn8XeOgqBn66l3xs,Mafé (Peanut Stew),Mafé,migrations\images\3X4cpn8XeOgqBn66l3xs_maf_peanut_stew.jpg,https://live.staticflickr.com/22/151269985_c557aef84a_b.jpg,https://api.openverse.org/v1/images/93ffb27b-0de2-4275-afcd-55d18b31fe0c/thumb/,flickr,Mafé,taliesin,by-nc-sa,"""Mafé"" by taliesin is licensed under CC BY-NC-SA 2.0. To view a copy of this license, visit https://creativecommons.org/licenses/by-nc-sa/2.0/.",270363,downloaded,
3YlKLLR47IFpOX7GeYe2,Pap and Chakalaka,Pap and Chakalaka,migrations\images\3YlKLLR47IFpOX7GeYe2_pap_and_chakalaka.jpg,https://live.staticflickr.com/915/26745573397_cf0ff1b8e0.jpg,https://api.openverse.org/v1/images/a6b3efe0-c486-4dc0-b65c-4f5173141623/thumb/,flickr,"Tonight's dinner was an attempt to recreate some South African dishes: pap and chakalaka. Pap is made from maize meal, which I couldn't find. I tried twice to make it with a fermented corn flour, but it just didn't taste right. The third time I ended up u",actionhero,by-nc-sa,"""Tonight's dinner was an attempt to recreate some South African dishes: pap and chakalaka. Pap is made from maize meal, which I couldn't find. I tried twice to make it with a fermented corn flour, but it just didn't taste right. The third time I ended up u"" by actionhero is licensed under CC BY-NC-SA 2.0. To view a copy of this license, visit https://creativecommons.org/licenses/by-nc-sa/2.0/.",62179,downloaded,
3olzZ3dyxPJJgcWEL5Y1,Misir Wot (Red Lentil Stew),Misir Wot,migrations\images\3olzZ3dyxPJJgcWEL5Y1_misir_wot_red_lentil_stew.jpg,https://live.staticflickr.com/5188/30211569865_78e7c5d33b_b.jpg,https://api.openverse.org/v1/images/e7e1b69f-493a-4eda-bf62-29d5ff355210/thumb/,flickr,"Misir wot, gomen, and tofu wot from Eatiopia, Surrey Street Sunday Market, Croydon, London CR0",Kake .,by-nc-sa,"""Misir wot, gomen, and tofu wot from Eatiopia, Surrey Street Sunday Market, Croydon, London CR0"" by Kake . is licensed under CC BY-NC-SA 2.0. To view a copy of this license, visit https://creativecommons.org/licenses/by-nc-sa/2.0/.",328023,downloaded,
3yG2PEdaLmdTwOFRFRJS,Fried Rice,Fried Rice,migrations\images\3yG2PEdaLmdTwOFRFRJS_fried_rice.jpg,https://live.staticflickr.com/65535/49427741561_ea7c84e15d_b.jpg,https://api.openverse.org/v1/images/946931fc-3131-4b8a-8190-372b992e6535/thumb/,flickr,Fish and Fried Rice,ehpien,by-nc-nd,"""Fish and Fried Rice"" by ehpien is licensed under CC BY-NC-ND 2.0. To view a copy of this license, visit https://creativecommons.org/licenses/by-nc-nd/2.0/.",395523,downloaded,
420SnHSI2Mls4MxtnLnl,Ikokore,,,,,,,,,,,no_match,
42BFmqIVc5smqVVRp7Uq,Edo black soup,,,,,,,,,,,no_match,
4GgaAABevkpyiEvs5oPl,Attiéké (Cassava Couscous),Attiéké,migrations\images\4GgaAABevkpyiEvs5oPl_atti_k_cassava_couscous.jpg,https://live.staticflickr.com/575/33022463721_362023a0d7_b.jpg,https://api.openverse.org/v1/images/053956e9-e448-4597-9cc5-84a1d32ee84f/thumb/,flickr,"Selling Attiéké, Mali",IFDC Photography,by-nc-sa,"""Selling Attiéké, Mali"" by IFDC Photography is licensed under CC BY-NC-SA 2.0. To view a copy of this license, visit https://creativecommons.org/licenses/by-nc-sa/2.0/.",400396,downloaded,
4emeVh0N4WczHUPuO4Rl,Chikanda (African Polony),,,,,,,,,,,no_match,
4rjIawo12oo8ORMLz8k5,Fufu (Akpu),Fufu,migrations\images\4rjIawo12oo8ORMLz8k5_fufu_akpu.jpg,https://live.staticflickr.com/42/81695733_3bd096d5b2_b.jpg,https://api.openverse.org/v1/images/d0a73982-22c8-4003-b942-4274ecea60ce/thumb/,flickr,fufu 004,martapiqs,by-nc-sa,"""fufu 004"" by martapiqs is licensed under CC BY-NC-SA 2.0. To view a copy of this license, visit https://creativecommons.org/licenses/by-nc-sa/2.0/.",114406,downloaded,
4vSNnVisbF5plAZKcDg3,Kelewele,Kelewele,migrations\images\4vSNnVisbF5plAZKcDg3_kelewele.jpg,https://live.staticflickr.com/4264/35441191321_e3b025a4b9_b.jpg,https://api.openverse.org/v1/images/3a24653d-5312-4e82-b40a-9861df2ab128/thumb/,flickr,"Kelewele at Timber Gardens, Croydon, London CR0",Kake .,by-nc-sa,"""Kelewele at Timber Gardens, Croydon, London CR0"" by Kake . is licensed under CC BY-NC-SA 2.0. To view a copy of this license, visit https://creativecommons.org/licenses/by-nc-sa/2.0/.",193745,downloaded,
5E4e2ryg6SfhuzwUG9Bh,Mukimo,Mukimo,migrations\images\5E4e2ryg6SfhuzwUG9Bh_mukimo.jpg,https://live.staticflickr.com/7403/16407456249_7c26160730.jpg,https://api.openverse.org/v1/images/6c949691-b72e-4b19-8c96-114f81172827/thumb/,flickr,Kenyan cooking class with Ruth! We made mukimo and matoke. #nom #Kenya #Daraja,Plu_Plu,by-nc-sa,"""Kenyan cooking class with Ruth! We made mukimo and matoke. #nom #Kenya #Daraja"" by Plu_Plu is licensed under CC BY-NC-SA 2.0. To view a copy of this license, visit https://creativecommons.org/licenses/by-nc-sa/2.0/.",99409,downloaded,
5JG5o5t6XuCMor5vQrez,Maraq (dish),Maraq,migrations\images\5JG5o5t6XuCMor5vQrez_maraq_dish.jpg,https://live.staticflickr.com/65535/50001689423_8632e9378b_b.jpg,https://api.openverse.org/v1/images/ccf17ab3-3602-4190-af11-7410e57acbba/thumb/,flickr,Tik Tok Rezepte nachkochen! (Lockdown),Casey Hugelfink,by-sa,"""Tik Tok Rezepte nachkochen! (Lockdown)"" by Casey Hugelfink is licensed under CC BY-SA 2.0. To view a copy of this license, visit https://creativecommons.org/licenses/by-sa/2.0/.",369288,downloaded,
5X8j0siCATchO22jUife,Ladob (Sweet Banana),Ladob,migrations\images\5X8j0siCATchO22jUife_ladob_sweet_banana.jpg,https://live.staticflickr.com/133/415707542_13fbdccc5b_b.jpg,https://api.openverse.org/v1/images/a2a4d0e3-4ff0-4bce-afd6-72eab51f0836/thumb/,flickr,Prumirim ladoB,alvez,by-nc-sa,"""Prumirim ladoB"" by alvez is licensed under CC BY-NC-SA 2.0. To view a copy of this license, visit https://creativecommons.org/licenses/by-nc-sa/2.0/.",185009,downloaded,
5naKw81tsWrhIbYuMko7,Kolo (Roasted Barley),Kolo,migrations\images\5naKw81tsWrhIbYuMko7_kolo_roasted_barley.jpg,https://live.staticflickr.com/1025/1259605892_75e65205e1_b.jpg,https://api.openverse.org/v1/images/9f5be738-effa-4b46-b58b-ce65aefa71d7/thumb/,flickr,Vitrail de Kolo Moser dans l'église St Léopold de Steinhof (Vienne/Autriche),dalbera,by-nc-sa,"""Vitrail de Kolo Moser dans l'église St Léopold de Steinhof (Vienne/Autriche)"" by dalbera is licensed under CC BY-NC-SA 2.0. To view a copy of this license, visit https://creativecommons.org/licenses/by-nc-sa/2.0/.",325266,downloaded,
5rD3vEua7mcp15XbbNst,Zigni (Eritrean Beef Stew),Zigni,migrations\images\5rD3vEua7mcp15XbbNst_zigni_eritrean_beef_stew.jpg,https://live.staticflickr.com/4118/4888656634_da8dc62770_b.jpg,https://api.openverse.org/v1/images/40789762-80e6-4f13-81a9-d960b2b9b364/thumb/,flickr,Zigni House,Food Stories,by-nc-sa,"""Zigni House"" by Food Stories is licensed under CC BY-NC-SA 2.0. To view a copy of this license, visit https://creativecommons.org/licenses/by-nc-sa/2.0/.",146330,downloaded,
5tMRhCwBjxXqDsCjT6OZ,Chikwangue,Chikwangue,migrations\images\5tMRhCwBjxXqDsCjT6OZ_chikwangue.jpg,https://live.staticflickr.com/8565/16488383087_4d314a95da.jpg,https://api.openverse.org/v1/images/f2c64a37-34b9-4b09-b58e-99b1315b7f0a/thumb/,flickr,C H I K W A N G U E #africa #foodporn #kinshasa #roots #drcongo #drc #chikwangue,kaysha,by-nc-nd,"""C H I K W A N G U E #africa #foodporn #kinshasa #roots #drcongo #drc #chikwangue"" by kaysha is licensed under CC BY-NC-ND 2.0. To view a copy of this license, visit https://creativecommons.org/licenses/by-nc-nd/2.0/.",60687,downloaded,
5zUauASn1nSzIDvY4ffv,Zanzibar Pizza,Zanzibar Pizza,migrations\images\5zUauASn1nSzIDvY4ffv_zanzibar_pizza.jpg,https://live.staticflickr.com/65535/47677063661_53662543cd_b.jpg,https://api.openverse.org/v1/images/3d8fc669-1de7-40c1-8bed-8f5ada38e722/thumb/,flickr,Zanzibar pizza,scotted400,by,"""Zanzibar pizza"" by scotted400 is licensed under CC BY 2.0. To view a copy of this license, visit https://creativecommons.org/licenses/by/2.0/.",224792,downloaded,
62WOfUBvzf31BeSQhuIN,Suya,Suya,migrations\images\62WOfUBvzf31BeSQhuIN_suya.jpg,https://live.staticflickr.com/3488/3221222830_bcf94a4263_b.jpg,https://api.openverse.org/v1/images/76aa1a9e-b43b-40c9-874c-d0ae5d580c13/thumb/,flickr,Suya take away,secretlondon123,by-sa,"""Suya take away"" by secretlondon123 is licensed under CC BY-SA 2.0. To view a copy of this license, visit https://creativecommons.org/licenses/by-sa/2.0/.",203759,downloaded,
68KNkyMI6EEoFRYn5gQq,Koose (Bean Cake) and Koko,,,,,,,,,,,no_match,
6bHCa8b8WNK50PTI1auW,Rolex (Chapati Egg Roll),Rolex,migrations\images\6bHCa8b8WNK50PTI1auW_rolex_chapati_egg_roll.jpg,https://live.staticflickr.com/3147/3030723698_6881f92805_b.jpg,https://api.openverse.org/v1/images/2ce72209-c3a2-4d77-bf11-264adb4382ad/thumb/,flickr,Rolex,txinkman,by-nc,"""Rolex"" by txinkman is licensed under CC BY-NC 2.0. To view a copy of this license, visit https://creativecommons.org/licenses/by-nc/2.0/.",178467,downloaded,
6gccaJymWP7333lFbAhB,Nigerian Chicken Stew,Nigerian Chicken Stew,migrations\images\6gccaJymWP7333lFbAhB_nigerian_chicken_stew.jpg,https://live.staticflickr.com/4294/35920105060_383d499e70_b.jpg,https://api.openverse.org/v1/images/b0d52124-beb6-434b-97d6-1edf382e2971/thumb/,flickr,"Jollof Rice, Chicken, Stew & Plaintain",MarinaCherbonnier,by-nc-sa,"""Jollof Rice, Chicken, Stew & Plaintain"" by MarinaCherbonnier is licensed under CC BY-NC-SA 2.0. To view a copy of this license, visit https://creativecommons.org/licenses/by-nc-sa/2.0/.",294808,downloaded,
6hCOMH8A32AX9qvK6Djg,Eba (Garri),Eba,migrations\images\6hCOMH8A32AX9qvK6Djg_eba_garri.jpg,https://live.staticflickr.com/5464/9032623926_ec68533c2d_b.jpg,https://api.openverse.org/v1/images/3773553c-9a9c-44d6-b136-bbda082fea85/thumb/,flickr,PEM-EBA-GP00229 Julefeiring i Tromsø,Perspektivet Museum,by-nc-nd,"""PEM-EBA-GP00229 Julefeiring i Tromsø"" by Perspektivet Museum is licensed under CC BY-NC-ND 2.0. To view a copy of this license, visit https://creativecommons.org/licenses/by-nc-nd/2.0/.",160423,downloaded,
6hGGLeen1EFlMTaDL93H,Achu Soup & Fufu,,,,,,,,,,,no_match,
6whU6asXKKOACwP6n7Xg,Ful (Eritrean Fava Beans),Ful,migrations\images\6whU6asXKKOACwP6n7Xg_ful_eritrean_fava_beans.jpg,https://live.staticflickr.com/7190/6981614673_00c8beb565_b.jpg,https://api.openverse.org/v1/images/36341dd5-ecf7-421c-8557-36cf83163198/thumb/,flickr,"'Delight'-ful by My Lovely Wife (Explore #238 Mar 14, 2012)",Puzzler4879,by-nc,"""'Delight'-ful by My Lovely Wife (Explore #238 Mar 14, 2012)"" by Puzzler4879 is licensed under CC BY-NC 2.0. To view a copy of this license, visit https://creativecommons.org/licenses/by-nc/2.0/.",218517,downloaded,
70pF0bbHnF51hvEDLiJl,Molokhia,Molokhia,migrations\images\70pF0bbHnF51hvEDLiJl_molokhia.jpg,https://live.staticflickr.com/722/21909162760_5ce9c0aed9_b.jpg,https://api.openverse.org/v1/images/0085b4f3-d67d-4512-85e6-fda6a4472b0b/thumb/,flickr,"#Molokhia with crisp bread, red onions, chicken and vermicelli rice. #SundaySocial #Sunday #Special #food #foodporn #yum #instafood #yummy #amazing #instagood #photooftheday #dinner #fresh #tasty #foodie #delish #delicious #eating #foodpic #foodpics #eat",@EdwardTerry,by-nd,"""#Molokhia with crisp bread, red onions, chicken and vermicelli rice. #SundaySocial #Sunday #Special #food #foodporn #yum #instafood #yummy #amazing #instagood #photooftheday #dinner #fresh #tasty #foodie #delish #delicious #eating #foodpic #foodpics #eat"" by @EdwardTerry is licensed under CC BY-ND 2.0. To view a copy of this license, visit https://creativecommons.org/licenses/by-nd/2.0/.",270980,downloaded,
71Z1N1W5SeTrdShjpOrs,Sharba Libiya (Libyan Soup),,,,,,,,,,,no_match,
7Grqw882JIXc62RueOp4,Piri Piri Chicken,Piri Piri Chicken,migrations\images\7Grqw882JIXc62RueOp4_piri_piri_chicken.jpg,https://live.staticflickr.com/5098/5485484720_34406fe29b_b.jpg,https://api.openverse.org/v1/images/2783fdf2-9704-490a-821d-7014e705e5b0/thumb/,flickr,mattessons 'limited edition' 'piri piri' chicken 'fridge raiders',osde8info,by-sa,"""mattessons 'limited edition' 'piri piri' chicken 'fridge raiders'"" by osde8info is licensed under CC BY-SA 2.0. To view a copy of this license, visit https://creativecommons.org/licenses/by-sa/2.0/.",208896,downloaded,
7HdTHHoxeppyVvCoSWRu,Groundnut Soup (Sierra Leone),Groundnut Soup,migrations\images\7HdTHHoxeppyVvCoSWRu_groundnut_soup_sierra_leone.jpg,https://live.staticflickr.com/7031/6709134111_690fe4aedd_b.jpg,https://api.openverse.org/v1/images/3907f6f1-2075-46c1-a560-a93015ecd9f2/thumb/,flickr,Groundnut soup with banku,gwynduns,by-nc-nd,"""Groundnut soup with banku"" by gwynduns is licensed under CC BY-NC-ND 2.0. To view a copy of this license, visit https://creativecommons.org/licenses/by-nc-nd/2.0/.",131621,downloaded,
7MUd624kjUDUvNT0MIH9,Molokhia,Molokhia,migrations\images\7MUd624kjUDUvNT0MIH9_molokhia.jpg,https://live.staticflickr.com/722/21909162760_5ce9c0aed9_b.jpg,https://api.openverse.org/v1/images/0085b4f3-d67d-4512-85e6-fda6a4472b0b/thumb/,flickr,"#Molokhia with crisp bread, red onions, chicken and vermicelli rice. #SundaySocial #Sunday #Special #food #foodporn #yum #instafood #yummy #amazing #instagood #photooftheday #dinner #fresh #tasty #foodie #delish #delicious #eating #foodpic #foodpics #eat",@EdwardTerry,by-nd,"""#Molokhia with crisp bread, red onions, chicken and vermicelli rice. #SundaySocial #Sunday #Special #food #foodporn #yum #instafood #yummy #amazing #instagood #photooftheday #dinner #fresh #tasty #foodie #delish #delicious #eating #foodpic #foodpics #eat"" by @EdwardTerry is licensed under CC BY-ND 2.0. To view a copy of this license, visit https://creativecommons.org/licenses/by-nd/2.0/.",270980,downloaded,
7bKlTw23nTUjJok3qaIh,Walwal (South Sudan Stew),Walwal,migrations\images\7bKlTw23nTUjJok3qaIh_walwal_south_sudan_stew.jpg,https://live.staticflickr.com/3049/2599644679_22c8603c0e_b.jpg,https://api.openverse.org/v1/images/36f885f6-a341-4df0-93cf-d0a406496d1f/thumb/,flickr,Cader Idris,umbrellasheep,by-nc-nd,"""Cader Idris"" by umbrellasheep is licensed under CC BY-NC-ND 2.0. To view a copy of this license, visit https://creativecommons.org/licenses/by-nc-nd/2.0/.",163908,downloaded,
7gtAocWiNtdBSBdJMNX8,Banku and Tilapia,Banku and Tilapia,migrations\images\7gtAocWiNtdBSBdJMNX8_banku_and_tilapia.jpg,https://live.staticflickr.com/3413/3310295774_385866a68e_b.jpg,https://api.openverse.org/v1/images/b5c596ea-f2f2-4125-b7e0-37fed23fe7ec/thumb/,flickr,banku & tilapia with malta,bagaball,by,"""banku & tilapia with malta"" by bagaball is licensed under CC BY 2.0. To view a copy of this license, visit https://creativecommons.org/licenses/by/2.0/.",109123,downloaded,
7lAlb1AkphDpBu0Gb0VD,Ofe Nsala (White Soup),,,,,,,,,,,no_match,
7qM8a6lHevoLmXvvsYAj,Sodabi,Sodabi,migrations\images\7qM8a6lHevoLmXvvsYAj_sodabi.jpg,https://live.staticflickr.com/3841/33485683436_7e6b23a662_b.jpg,https://api.openverse.org/v1/images/9a4f7abf-7a65-4616-a17d-52c0d679a144/thumb/,flickr,Sodabi,Aurdur,by-nc-nd,"""Sodabi"" by Aurdur is licensed under CC BY-NC-ND 2.0. To view a copy of this license, visit https://creativecommons.org/licenses/by-nc-nd/2.0/.",284013,downloaded,
7w9c4UijTbUavNz8UAoR,Ampesi (Boiled Yam/Plantain) with Kontomire,,,,,,,,,,,no_match,
88N6SwWFBQAw4LNHZ9XW,Roasted Corn,Roasted Corn,migrations\images\88N6SwWFBQAw4LNHZ9XW_roasted_corn.jpg,https://live.staticflickr.com/7642/17192614266_a9dc5069d6_b.jpg,https://api.openverse.org/v1/images/07dc42c6-49ac-4503-afbf-986bf7ebe7cd/thumb/,flickr,trader joe's roasted corn,woodleywonderworks,by,"""trader joe's roasted corn"" by woodleywonderworks is licensed under CC BY 2.0. To view a copy of this license, visit https://creativecommons.org/licenses/by/2.0/.",347254,downloaded,
8ILJaCIiVDYOGnO9WtMf,Gozo (Cassava Bread),Gozo,migrations\images\8ILJaCIiVDYOGnO9WtMf_gozo_cassava_bread.jpg,https://live.staticflickr.com/4632/28266752829_6c5172e012_b.jpg,https://api.openverse.org/v1/images/a2af3abc-4baa-42a9-adf6-0fb5f2bda393/thumb/,flickr,02 Primer gozo,Santuario Torreciudad,by,"""02 Primer gozo"" by Santuario Torreciudad is licensed under CC BY 2.0. To view a copy of this license, visit https://creativecommons.org/licenses/by/2.0/.",321520,downloaded,
8M7LQwgE89jD3sQXbdBJ,Vetkoek,Vetkoek,migrations\images\8M7LQwgE89jD3sQXbdBJ_vetkoek.jpg,https://live.staticflickr.com/3407/3442807774_67ff75ef91_b.jpg,https://api.openverse.org/v1/images/aa5f335f-c7b2-4802-b7b2-4d4b23979e94/thumb/,flickr,Making vetkoeks,bbcworldservice,by-nc,"""Making vetkoeks"" by bbcworldservice is licensed under CC BY-NC 2.0. To view a copy of this license, visit https://creativecommons.org/licenses/by-nc/2.0/.",158462,downloaded,
9007T8yZEnNhi1Q4UMJE,Puff Puff,Puff Puff,migrations\images\9007T8yZEnNhi1Q4UMJE_puff_puff.jpg,https://live.staticflickr.com/181/475185078_dcbffbf7c1_b.jpg,https://api.openverse.org/v1/images/af3222a4-8e48-4f95-b307-59141c996613/thumb/,flickr,puff puff pass,tinou bao,by,"""puff puff pass"" by tinou bao is licensed under CC BY 2.0. To view a copy of this license, visit https://creativecommons.org/licenses/by/2.0/.",168980,downloaded,
99j8iGTj0ukfm9idWZNG,Garba,Garba,migrations\images\99j8iGTj0ukfm9idWZNG_garba.jpg,https://live.staticflickr.com/5757/20328808813_51c816719d_b.jpg,https://api.openverse.org/v1/images/95d94de9-32ef-4ef9-bdea-1d3dc3b6a56c/thumb/,flickr,Garba Tounkara,billknock,by,"""Garba Tounkara"" by billknock is licensed under CC BY 2.0. To view a copy of this license, visit https://creativecommons.org/licenses/by/2.0/.",117984,downloaded,
9ISzylFmP4TaexdAeqnX,Vetkoek,Vetkoek,migrations\images\9ISzylFmP4TaexdAeqnX_vetkoek.jpg,https://live.staticflickr.com/3407/3442807774_67ff75ef91_b.jpg,https://api.openverse.org/v1/images/aa5f335f-c7b2-4802-b7b2-4d4b23979e94/thumb/,flickr,Making vetkoeks,bbcworldservice,by-nc,"""Making vetkoeks"" by bbcworldservice is licensed under CC BY-NC 2.0. To view a copy of this license, visit https://creativecommons.org/licenses/by-nc/2.0/.",158462,downloaded,
9LMRmwiQpQv9ldvA46NK,Spaghetti Jollof,Spaghetti Jollof,migrations\images\9LMRmwiQpQv9ldvA46NK_spaghetti_jollof.jpg,https://live.staticflickr.com/4319/36179883921_eceaafa406_b.jpg,https://api.openverse.org/v1/images/266e4bd2-eb9b-415c-804a-4fd7ede74f31/thumb/,flickr,Spaghetti or Noodles?,MarinaCherbonnier,by-nc-sa,"""Spaghetti or Noodles?"" by MarinaCherbonnier is licensed under CC BY-NC-SA 2.0. To view a copy of this license, visit https://creativecommons.org/licenses/by-nc-sa/2.0/.",180132,downloaded,
9TBPwllIsmu8sDsOZPUi,Ravitoto,Ravitoto,migrations\images\9TBPwllIsmu8sDsOZPUi_ravitoto.jpg,https://live.staticflickr.com/2525/3739408987_cdb042c31c_b.jpg,https://api.openverse.org/v1/images/ecb88254-09c7-4c10-9b63-b5ae27bd907d/thumb/,flickr,Madagascar June July 09,lovarakotomalala,by,"""Madagascar June July 09"" by lovarakotomalala is licensed under CC BY 2.0. To view a copy of this license, visit https://creativecommons.org/licenses/by/2.0/.",207822,downloaded,
9aS8h9W86SyDlS5rTEZO,Makroud (Semolina Date Cookies),Makroud,migrations\images\9aS8h9W86SyDlS5rTEZO_makroud_semolina_date_cookies.jpg,https://live.staticflickr.com/8439/8008271222_596b1d786a_b.jpg,https://api.openverse.org/v1/images/00865c8b-f2ac-443e-8fbf-2b3a6e74bd31/thumb/,flickr,"Makroud - Kairouan, Tunisia",mmmyoso,by-nc-nd,"""Makroud - Kairouan, Tunisia"" by mmmyoso is licensed under CC BY-NC-ND 2.0. To view a copy of this license, visit https://creativecommons.org/licenses/by-nc-nd/2.0/.",168869,downloaded,
9kIOG7V4PRKEjLN9XLur,Shiro Wat,Shiro Wat,migrations\images\9kIOG7V4PRKEjLN9XLur_shiro_wat.jpg,https://live.staticflickr.com/65535/51997833097_2f26142be3_b.jpg,https://api.openverse.org/v1/images/d1ee959d-ba25-41fc-a33b-454e57cdd9aa/thumb/,flickr,"#kvpinmybelly Date night at @authenticethioafrican in Phoenix. Adorable food spot playing Regagge covers of 80s tunes. 😋 We ordered the meat and vegetable combo with Doro Wat Key (spicy chicken leg), Sega Wat Key (beef cubes), Shiro Wat (chickpeas), a",queenkv,by-nc-sa,"""#kvpinmybelly Date night at @authenticethioafrican in Phoenix. Adorable food spot playing Regagge covers of 80s tunes. 😋 We ordered the meat and vegetable combo with Doro Wat Key (spicy chicken leg), Sega Wat Key (beef cubes), Shiro Wat (chickpeas), a"" by queenkv is licensed under CC BY-NC-SA 2.0. To view a copy of this license, visit https://creativecommons.org/licenses/by-nc-sa/2.0/.",337393,downloaded,
9vvKXV4kiSWcdfeMwITN,Piri Piri Prawns,Piri Piri Prawns,migrations\images\9vvKXV4kiSWcdfeMwITN_piri_piri_prawns.jpg,https://live.staticflickr.com/3648/3447906521_814b5b2383_b.jpg,https://api.openverse.org/v1/images/dca4379a-3bec-438c-8da0-85a790de3953/thumb/,flickr,Piri piri prawns,Verity Borthwick,by-nc-sa,"""Piri piri prawns"" by Verity Borthwick is licensed under CC BY-NC-SA 2.0. To view a copy of this license, visit https://creativecommons.org/licenses/by-nc-sa/2.0/.",163250,downloaded,
ABHM6RXJ7Hf44PBx6KNR,Dundun (Fried Yam),Dundun,migrations\images\ABHM6RXJ7Hf44PBx6KNR_dundun_fried_yam.jpg,https://live.staticflickr.com/7908/46817153181_4155628db1_b.jpg,https://api.openverse.org/v1/images/8779409c-3cd0-4519-aaf4-2a65de2c05f5/thumb/,flickr,Dundun love insta,Sabar-Elina,by-nc-sa,"""Dundun love insta"" by Sabar-Elina is licensed under CC BY-NC-SA 2.0. To view a copy of this license, visit https://creativecommons.org/licenses/by-nc-sa/2.0/.",191702,downloaded,
AE5IGgZfxOeYZaQAh2hC,Ewedu Soup,,,,,,,,,,,no_match,
AWmPWFXXOiPk2G8muA9a,Plantain Porridge,Plantain Porridge,migrations\images\AWmPWFXXOiPk2G8muA9a_plantain_porridge.jpg,https://live.staticflickr.com/3252/3048293976_f6a2a61aa5_b.jpg,https://api.openverse.org/v1/images/cc82a7ae-71a7-413d-9912-949d4720fb61/thumb/,flickr,plantain porridge,jane boles,by-nc-sa,"""plantain porridge"" by jane boles is licensed under CC BY-NC-SA 2.0. To view a copy of this license, visit https://creativecommons.org/licenses/by-nc-sa/2.0/.",245335,downloaded,
AY7sPgsv78YXlSfOHyUo,Waakye (Rice and Beans),Waakye,migrations\images\AY7sPgsv78YXlSfOHyUo_waakye_rice_and_beans.jpg,https://live.staticflickr.com/65535/47637303061_ab69be8f05_b.jpg,https://api.openverse.org/v1/images/589323b2-5277-41a7-ab1a-5c1f8504d3f2/thumb/,flickr,"Waakye with stew at Joyce’s Palace, Croydon, London CR0",Kake .,by-nc-sa,"""Waakye with stew at Joyce’s Palace, Croydon, London CR0"" by Kake . is licensed under CC BY-NC-SA 2.0. To view a copy of this license, visit https://creativecommons.org/licenses/by-nc-sa/2.0/.",212156,downloaded,
AbMBSxxh4glgf0EcjjQI,Jollof Rice,Jollof Rice,migrations\images\AbMBSxxh4glgf0EcjjQI_jollof_rice.jpg,https://live.staticflickr.com/3251/2853745181_8a5f9fa230_b.jpg,https://api.openverse.org/v1/images/85db03ca-ece4-4371-b341-06b6625d00c2/thumb/,flickr,jollof rice,secretlondon123,by-sa,"""jollof rice"" by secretlondon123 is licensed under CC BY-SA 2.0. To view a copy of this license, visit https://creativecommons.org/licenses/by-sa/2.0/.",151482,downloaded,
AlTViEyZFhaYDaCuZd6y,Chin Chin,Chin Chin,migrations\images\AlTViEyZFhaYDaCuZd6y_chin_chin.jpg,https://live.staticflickr.com/7711/27240345056_3f2f725020_b.jpg,https://api.openverse.org/v1/images/f4abfa14-394a-46c0-8815-34d562f35ece/thumb/,flickr,Not by the hair of my chinny chin chin!,Lisa Zins,by,"""Not by the hair of my chinny chin chin!"" by Lisa Zins is licensed under CC BY 2.0. To view a copy of this license, visit https://creativecommons.org/licenses/by/2.0/.",235600,downloaded,
AuLSGUGlBY7Vz8RkIbCc,Ful Medames and Bread,Ful Medames and Bread,migrations\images\AuLSGUGlBY7Vz8RkIbCc_ful_medames_and_bread.jpg,https://live.staticflickr.com/164/379337899_5f233cc3a0.jpg,https://api.openverse.org/v1/images/c77d836e-7189-4628-9733-804d40e10b58/thumb/,flickr,Farek and I eat our ful,dlisbona,by,"""Farek and I eat our ful"" by dlisbona is licensed under CC BY 2.0. To view a copy of this license, visit https://creativecommons.org/licenses/by/2.0/.",66921,downloaded,
AyYV7AWGyTwMsIEikDC3,Muboora (Pumpkin Leaves),,,,,,,,,,,no_match,
Bh6b2qE4llZzZoCxMkeP,Brochettes (Rwandan),Brochettes,migrations\images\Bh6b2qE4llZzZoCxMkeP_brochettes_rwandan.jpg,https://live.staticflickr.com/397/31664738612_15fe3141ec_b.jpg,https://api.openverse.org/v1/images/1ec1f69c-19ea-424e-b250-2972043170c8/thumb/,flickr,"Galettes de Xining, brochettes d'agneau et thé salé. Le cuisinier dans sa guérite",Gongashan,by-nc-nd,"""Galettes de Xining, brochettes d'agneau et thé salé. Le cuisinier dans sa guérite"" by Gongashan is licensed under CC BY-NC-ND 2.0. To view a copy of this license, visit https://creativecommons.org/licenses/by-nc-nd/2.0/.",127343,downloaded,
BkbtBKC0ij5dx5bnjXxu,Rechta,,,,,,,,,,,no_match,
BxUWoeuYUbqxQzklsdgh,Mechoui (Roast Lamb),Mechoui,migrations\images\BxUWoeuYUbqxQzklsdgh_mechoui_roast_lamb.jpg,https://live.staticflickr.com/8200/8175120974_a9edb135a5_b.jpg,https://api.openverse.org/v1/images/3a8b984a-2f53-4046-9a8f-ef6b503299c6/thumb/,flickr,mechoui à la base - 1956 Adjudant 'Choupette' avec 1er et second maitre - Photo JP Vasse (Retina Kodak),Vasnic64,by,"""mechoui à la base - 1956 Adjudant 'Choupette' avec 1er et second maitre - Photo JP Vasse (Retina Kodak)"" by Vasnic64 is licensed under CC BY 2.0. To view a copy of this license, visit https://creativecommons.org/licenses/by/2.0/.",288023,downloaded,
C2zz9NX3TWuDzNLPYDCO,Mahindi Choma (Roasted Corn),,,,,,,,,,,no_match,
CDlg21vVdAR12FBjFF9m,Soya (Cameroonian Suya),Soya,migrations\images\CDlg21vVdAR12FBjFF9m_soya_cameroonian_suya.jpg,https://live.staticflickr.com/2225/2469105075_0699fed763_b.jpg,https://api.openverse.org/v1/images/8e0e8d9c-23ac-41e5-a982-6394b5272c40/thumb/,flickr,Tequeños con soya (muñecos de fieltro),kirikiri,by-nc-sa,"""Tequeños con soya (muñecos de fieltro)"" by kirikiri is licensed under CC BY-NC-SA 2.0. To view a copy of this license, visit https://creativecommons.org/licenses/by-nc-sa/2.0/.",303189,downloaded,
CVfBTelriEDbKXzl6oOK,Funge,Funge,migrations\images\CVfBTelriEDbKXzl6oOK_funge.jpg,https://live.staticflickr.com/3557/3548460285_b27278878a_b.jpg,https://api.openverse.org/v1/images/67c85d5c-a1e0-4b2e-990c-89a4464f920b/thumb/,flickr,"The Origin of the Surname, 'Fung'",Wootang01,by-nd,"""The Origin of the Surname, 'Fung'"" by Wootang01 is licensed under CC BY-ND 2.0. To view a copy of this license, visit https://creativecommons.org/licenses/by-nd/2.0/.",214693,downloaded,
CYj6KAuqXiDoB1o52ig6,Githeri,Githeri,migrations\images\CYj6KAuqXiDoB1o52ig6_githeri.jpg,https://live.staticflickr.com/5169/5261343468_fe58168a0b_b.jpg,https://api.openverse.org/v1/images/613720d7-c2c6-48df-b8f3-f42dba83b43a/thumb/,flickr,"Tasting githeri made with quality protein maize (QPM) at farmer field day, Embu, Kenya",CIMMYT,by-nc-sa,"""Tasting githeri made with quality protein maize (QPM) at farmer field day, Embu, Kenya"" by CIMMYT is licensed under CC BY-NC-SA 2.0. To view a copy of this license, visit https://creativecommons.org/licenses/by-nc-sa/2.0/.",173713,downloaded,
CaW9Br9r9uHi5NSlKRUs,Matapa,Matapa,migrations\images\CaW9Br9r9uHi5NSlKRUs_matapa.jpg,https://live.staticflickr.com/65535/49100163152_05dcace69c_b.jpg,https://api.openverse.org/v1/images/a37bb331-d80c-406f-9427-41b65f4b6e92/thumb/,flickr,Matapa Aria - Common Red Eye,Green Baron Pro,by-nc,"""Matapa Aria - Common Red Eye"" by Green Baron Pro is licensed under CC BY-NC 2.0. To view a copy of this license, visit https://creativecommons.org/licenses/by-nc/2.0/.",148660,downloaded,
CdmXRovPoPb3aDyK1XbC,Caldou,,,,,,,,,,,no_match,
CnW9kzXMhQBZ27zLgUpX,Wasawasa,Wasawasa,migrations\images\CnW9kzXMhQBZ27zLgUpX_wasawasa.jpg,https://live.staticflickr.com/4081/4747972546_644b4126ea_b.jpg,https://api.openverse.org/v1/images/7b8a0706-b963-47d1-b2f6-972a82a4d7b5/thumb/,flickr,wasawasa,- hilari -,by-nc-nd,"""wasawasa"" by - hilari - is licensed under CC BY-NC-ND 2.0. To view a copy of this license, visit https://creativecommons.org/licenses/by-nc-nd/2.0/.",462003,downloaded,
CooB7rOusOP6Af2VuZz8,Fah-fah,Fah-fah,migrations\images\CooB7rOusOP6Af2VuZz8_fah_fah.jpg,https://live.staticflickr.com/3853/15182243287_7b2e2ec540_b.jpg,https://api.openverse.org/v1/images/7503658a-474e-4177-ab4b-5c9a1addb44b/thumb/,flickr,"Milk tea AUD3.50 - Fah Fah, Chadstone",avlxyz,by-nc-sa,"""Milk tea AUD3.50 - Fah Fah, Chadstone"" by avlxyz is licensed under CC BY-NC-SA 2.0. To view a copy of this license, visit https://creativecommons.org/licenses/by-nc-sa/2.0/.",136232,downloaded,
CtCikI5ExVuslVAvJ5Ab,Braai (South African BBQ),Braai,migrations\images\CtCikI5ExVuslVAvJ5Ab_braai_south_african_bbq.jpg,https://live.staticflickr.com/2564/3992780424_6187a38603_b.jpg,https://api.openverse.org/v1/images/67a6a837-8b60-4c9b-9506-e3be4ea8b2db/thumb/,flickr,Fish braai in 4 easy steps,mallix,by-nc-nd,"""Fish braai in 4 easy steps"" by mallix is licensed under CC BY-NC-ND 2.0. To view a copy of this license, visit https://creativecommons.org/licenses/by-nc-nd/2.0/.",286776,downloaded,
DZFVmUdD8ACpdY3xJSPb,Klui-Klui (Peanut Sticks),Klui-Klui,migrations\images\DZFVmUdD8ACpdY3xJSPb_klui_klui_peanut_sticks.jpg,https://live.staticflickr.com/4135/4821331669_28ec1d2f0e_b.jpg,https://api.openverse.org/v1/images/294dd244-2e08-4271-9872-1660d12684d7/thumb/,flickr,"Kluis van Bolderberg, Zolder",Erf-goed.be,by-nc-sa,"""Kluis van Bolderberg, Zolder"" by Erf-goed.be is licensed under CC BY-NC-SA 2.0. To view a copy of this license, visit https://creativecommons.org/licenses/by-nc-sa/2.0/.",338257,downloaded,
DZOUNYOkWykpbQuCWc9R,Chipsi Mayai (Chips Mayai),,,,,,,,,,,no_match,
DakBLyAcsTZ1p4t1kXoZ,Bofrot (Ghanaian Doughnut),Bofrot,migrations\images\DakBLyAcsTZ1p4t1kXoZ_bofrot_ghanaian_doughnut.jpg,https://live.staticflickr.com/7025/6401690079_7e3767fc5d_b.jpg,https://api.openverse.org/v1/images/36bf790a-d751-4652-a74c-07d9c38afe9f/thumb/,flickr,Bofrot Vendor,Terrie Schweitzer,by-nc-sa,"""Bofrot Vendor"" by Terrie Schweitzer is licensed under CC BY-NC-SA 2.0. To view a copy of this license, visit https://creativecommons.org/licenses/by-nc-sa/2.0/.",216150,downloaded,
DjyMW4nffWLcio78Zrhc,Poulet DG (Director General Chicken),Poulet DG,migrations\images\DjyMW4nffWLcio78Zrhc_poulet_dg_director_general_chicken.jpg,https://live.staticflickr.com/3876/14478196066_0136c58a56_b.jpg,https://api.openverse.org/v1/images/8076e3e0-a606-4ae3-b05c-f4801267b128/thumb/,flickr,Poulet DG,mb2996,by-nc-sa,"""Poulet DG"" by mb2996 is licensed under CC BY-NC-SA 2.0. To view a copy of this license, visit https://creativecommons.org/licenses/by-nc-sa/2.0/.",202580,downloaded,
Dw5Q68WYttz3B56QixeO,Miyan Kuka (Baobab Soup),,,,,,,,,,,no_match,
EA8Svv13uFCNRVKcfPtF,Fataya (Senegalese Pastry),Fataya,migrations\images\EA8Svv13uFCNRVKcfPtF_fataya_senegalese_pastry.jpg,https://live.staticflickr.com/1727/42603153751_f4a3c49bb0_b.jpg,https://api.openverse.org/v1/images/9d786534-da44-47d2-b3b5-a289841cff91/thumb/,flickr,003 boston - Teranga - Fataya starter,Karmor,by-nc-nd,"""003 boston - Teranga - Fataya starter"" by Karmor is licensed under CC BY-NC-ND 2.0. To view a copy of this license, visit https://creativecommons.org/licenses/by-nc-nd/2.0/.",142979,downloaded,
EFsaSrypa2YJKZlySXr7,Brik à l'Oeuf,,,,,,,,,,,no_match,
EKKYEiEqXqsJNjz5zyPp,Cereal and Milk (Nigerian Style),Cereal and Milk,migrations\images\EKKYEiEqXqsJNjz5zyPp_cereal_and_milk_nigerian_style.jpg,https://live.staticflickr.com/2143/2547731144_e08ec437f2_b.jpg,https://api.openverse.org/v1/images/771884f7-38f5-4db5-b480-936606f4afe1/thumb/,flickr,Pixar's Brown Bag Lunch Room has Non-Stop Cereal and Milk. Awesome!,Coco Mault,by-nc,"""Pixar's Brown Bag Lunch Room has Non-Stop Cereal and Milk. Awesome!"" by Coco Mault is licensed under CC BY-NC 2.0. To view a copy of this license, visit https://creativecommons.org/licenses/by-nc/2.0/.",234400,downloaded,
ElUOkWxrvMz93b9ED0bX,Agege Bread and Ewa Agoyin,,,,,,,,,,,no_match,
EvVl0ZRjjZSraIhGhjYz,Rice and Beans (Nigerian),Rice and Beans,migrations\images\EvVl0ZRjjZSraIhGhjYz_rice_and_beans_nigerian.jpg,https://live.staticflickr.com/377/18997439088_e369268b5b_b.jpg,https://api.openverse.org/v1/images/2c98c384-0702-48c9-9452-fca256a94eca/thumb/,flickr,Rice and Beans,The Marmot,by,"""Rice and Beans"" by The Marmot is licensed under CC BY 2.0. To view a copy of this license, visit https://creativecommons.org/licenses/by/2.0/.",167021,downloaded,
F1UIMaNTDVZkCmhesOiR,Pap en Vleis,Pap en Vleis,migrations\images\F1UIMaNTDVZkCmhesOiR_pap_en_vleis.jpg,https://live.staticflickr.com/3832/9079251520_dddf2453e4.jpg,https://api.openverse.org/v1/images/943e4616-475e-4124-9810-07efa71de6e1/thumb/,flickr,"June 18, 2013 at 07:53PM",Mark-Sutherland,by-nc-sa,"""June 18, 2013 at 07:53PM"" by Mark-Sutherland is licensed under CC BY-NC-SA 2.0. To view a copy of this license, visit https://creativecommons.org/licenses/by-nc-sa/2.0/.",32450,downloaded,
FArK8jmap6pdWEWAEFlT,Kilishi,,,,,,,,,,,no_match,
FHyI4ozgn41oGkhzXu1E,Pap (Ogi / Akamu),Pap,migrations\images\FHyI4ozgn41oGkhzXu1E_pap_ogi_akamu.jpg,https://live.staticflickr.com/50/139904767_0e3752c90f_b.jpg,https://api.openverse.org/v1/images/66fc6c8b-051d-4c3e-8169-e2c21e975206/thumb/,flickr,Wonder Pole fiberglass 40' telescoping pole for PAP Pole Aerial Photography,billjacobus1,by,"""Wonder Pole fiberglass 40' telescoping pole for PAP Pole Aerial Photography"" by billjacobus1 is licensed under CC BY 2.0. To view a copy of this license, visit https://creativecommons.org/licenses/by/2.0/.",136929,downloaded,
FqqDkSkbzUP5oYX8o7xk,Nyembwe Chicken,,,,,,,,,,,no_match,
G24jZU11tARhkphMhRa8,Riz au Gras (Guinea),Riz au Gras,migrations\images\G24jZU11tARhkphMhRa8_riz_au_gras_guinea.jpg,https://live.staticflickr.com/67/154686968_0a7ec0bdb8_b.jpg,https://api.openverse.org/v1/images/c9320737-838c-40b6-bbee-de2961f1ecd5/thumb/,flickr,Riz au gras,Alexbip,by-nc-nd,"""Riz au gras"" by Alexbip is licensed under CC BY-NC-ND 2.0. To view a copy of this license, visit https://creativecommons.org/licenses/by-nc-nd/2.0/.",158668,downloaded,
G2VN9HFMatpI0b20EcrQ,Sishwala,,,,,,,,,,,no_match,
GB5HFBWnKtzVMowpUPbZ,Brochettes (Rwandan Meat Skewers),Brochettes,migrations\images\GB5HFBWnKtzVMowpUPbZ_brochettes_rwandan_meat_skewers.jpg,https://live.staticflickr.com/397/31664738612_15fe3141ec_b.jpg,https://api.openverse.org/v1/images/1ec1f69c-19ea-424e-b250-2972043170c8/thumb/,flickr,"Galettes de Xining, brochettes d'agneau et thé salé. Le cuisinier dans sa guérite",Gongashan,by-nc-nd,"""Galettes de Xining, brochettes d'agneau et thé salé. Le cuisinier dans sa guérite"" by Gongashan is licensed under CC BY-NC-ND 2.0. To view a copy of this license, visit https://creativecommons.org/licenses/by-nc-nd/2.0/.",127343,downloaded,
GL4I7LKdIvLrzOO8E6LL,Fataya (Senegalese Meat Pie),Fataya,migrations\images\GL4I7LKdIvLrzOO8E6LL_fataya_senegalese_meat_pie.jpg,https://live.staticflickr.com/1727/42603153751_f4a3c49bb0_b.jpg,https://api.openverse.org/v1/images/9d786534-da44-47d2-b3b5-a289841cff91/thumb/,flickr,003 boston - Teranga - Fataya starter,Karmor,by-nc-nd,"""003 boston - Teranga - Fataya starter"" by Karmor is licensed under CC BY-NC-ND 2.0. To view a copy of this license, visit https://creativecommons.org/licenses/by-nc-nd/2.0/.",142979,downloaded,
GM5JUlScWeb7FcvJVNvV,Mutura (Kenyan Sausage),Mutura,migrations\images\GM5JUlScWeb7FcvJVNvV_mutura_kenyan_sausage.jpg,https://live.staticflickr.com/65535/49827805152_167dd4468a_b.jpg,https://api.openverse.org/v1/images/64f212f2-8432-4b91-ac83-db32d98f6d4d/thumb/,flickr,"View of Mutura, on the River Jumma",Asian Art Museum,by-nc-nd,"""View of Mutura, on the River Jumma"" by Asian Art Museum is licensed under CC BY-NC-ND 2.0. To view a copy of this license, visit https://creativecommons.org/licenses/by-nc-nd/2.0/.",128581,downloaded,
Ga0Yq7u8V764lVApPaNw,Fufu and Pondu,,,,,,,,,,,no_match,
GibUFH8Qmwy7gmA1H1RD,Pounded Yam,Pounded Yam,migrations\images\GibUFH8Qmwy7gmA1H1RD_pounded_yam.jpg,https://live.staticflickr.com/7588/16982938579_a87bb4f604_b.jpg,https://api.openverse.org/v1/images/6707fcd3-9740-415e-865d-9fe85e33ba5a/thumb/,flickr,"Egusi stew with chicken and pounded yam from Tomi's Kitchen, Barking, London IG11",Kake .,by-nc-sa,"""Egusi stew with chicken and pounded yam from Tomi's Kitchen, Barking, London IG11"" by Kake . is licensed under CC BY-NC-SA 2.0. To view a copy of this license, visit https://creativecommons.org/licenses/by-nc-sa/2.0/.",357173,downloaded,
Gl2nRGWQa9l6C0WQcinH,Chapman,Chapman,migrations\images\Gl2nRGWQa9l6C0WQcinH_chapman.jpg,https://live.staticflickr.com/3023/4563284400_07a9ed275d_b.jpg,https://api.openverse.org/v1/images/be0c0fd8-8942-45cf-a247-215ce06e517d/thumb/,flickr,"Golden Eagle, an exclusive Chapman pack: Grown in U. S. A., grown and packed by Charles C. Chapman, Fullerton, Orange County, California",Boston Public Library,by-nc-nd,"""Golden Eagle, an exclusive Chapman pack: Grown in U. S. A., grown and packed by Charles C. Chapman, Fullerton, Orange County, California"" by Boston Public Library is licensed under CC BY-NC-ND 2.0. To view a copy of this license, visit https://creativecommons.org/licenses/by-nc-nd/2.0/.",256301,downloaded,
HJIKqSeuSvx80HrSJHEc,Couscous and Lamb Tagine,Couscous and Lamb Tagine,migrations\images\HJIKqSeuSvx80HrSJHEc_couscous_and_lamb_tagine.jpg,https://live.staticflickr.com/7182/6863557255_46f7b624b3_b.jpg,https://api.openverse.org/v1/images/57eb00a3-3c0a-4ee1-aced-172e7ae64f21/thumb/,flickr,Lamb tagine with couscous and vegetables,stijn,by-nc-nd,"""Lamb tagine with couscous and vegetables"" by stijn is licensed under CC BY-NC-ND 2.0. To view a copy of this license, visit https://creativecommons.org/licenses/by-nc-nd/2.0/.",148452,downloaded,
HJzEoVMFTnhKf95KAdHG,Kilishi,,,,,,,,,,,no_match,
HUVKtrpN5kDLu0ysVifi,Maghrebi mint tea,Maghrebi mint tea,migrations\images\HUVKtrpN5kDLu0ysVifi_maghrebi_mint_tea.jpg,https://live.staticflickr.com/4384/36463705284_88048d511d_b.jpg,https://api.openverse.org/v1/images/1225ef43-9588-441b-90a2-24f6587c2cef/thumb/,flickr,Baklava zum Maghrebi mint tea im Palazzo Versace Dubai. 👌 --- #visitDubai,hoomygumb,by-nc-sa,"""Baklava zum Maghrebi mint tea im Palazzo Versace Dubai. 👌 --- #visitDubai"" by hoomygumb is licensed under CC BY-NC-SA 2.0. To view a copy of this license, visit https://creativecommons.org/licenses/by-nc-sa/2.0/.",186365,downloaded,
HY5GuJPXa0BH2qJ0fV2X,Mwambe (Palm Butter Sauce),Mwambe,migrations\images\HY5GuJPXa0BH2qJ0fV2X_mwambe_palm_butter_sauce.jpg,https://live.staticflickr.com/4090/5117871788_aa87f85be0_b.jpg,https://api.openverse.org/v1/images/698a9429-32f4-4450-8771-dc8ee0089179/thumb/,flickr,Henry Bellingham met with the DRC Foreign Minister Mr Alexis Thambwe-Mwambe,"Foreign, Commonwealth & Development Office",by,"""Henry Bellingham met with the DRC Foreign Minister Mr Alexis Thambwe-Mwambe"" by Foreign, Commonwealth & Development Office is licensed under CC BY 2.0. To view a copy of this license, visit https://creativecommons.org/licenses/by/2.0/.",179229,downloaded,
HhJWA5H6OAPivxZela0F,Maakouda (Potato Fritters),Maakouda,migrations\images\HhJWA5H6OAPivxZela0F_maakouda_potato_fritters.jpg,https://live.staticflickr.com/1703/25664374184_0f89bee896_b.jpg,https://api.openverse.org/v1/images/2e0aca3a-e780-4fe5-bcfb-6caf6b7b0f43/thumb/,flickr,"cuisinedemememoniq: Maâkouda (galettes de pommes de terre marocaines) #maakouda #pommedeterre #maroc #cuisine #food #homemade #faitmaison N'hésitez pas à nous demander la recette, nous la publierons dans notre blog http://ift.tt/1JtxP6n #amazing #eat #foo",eric.delcroix,by-nc-sa,"""cuisinedemememoniq: Maâkouda (galettes de pommes de terre marocaines) #maakouda #pommedeterre #maroc #cuisine #food #homemade #faitmaison N'hésitez pas à nous demander la recette, nous la publierons dans notre blog http://ift.tt/1JtxP6n #amazing #eat #foo"" by eric.delcroix is licensed under CC BY-NC-SA 2.0. To view a copy of this license, visit https://creativecommons.org/licenses/by-nc-sa/2.0/.",273866,downloaded,
Hn5OTVTlawIkngFECgHd,Isi Ewu (Goat Head),,,,,,,,,,,no_match,
I2Iq0beeAP7xWdyRaXXs,Ndolé,Ndolé,migrations\images\I2Iq0beeAP7xWdyRaXXs_ndol.jpg,https://live.staticflickr.com/4155/34584093036_0fb61832cf_b.jpg,https://api.openverse.org/v1/images/ea033a13-f22e-47f4-84bc-16e1218e9885/thumb/,flickr,African cuisine. Ndolé & Co.,Elyasin Shaladi,by-nc,"""African cuisine. Ndolé & Co."" by Elyasin Shaladi is licensed under CC BY-NC 2.0. To view a copy of this license, visit https://creativecommons.org/licenses/by-nc/2.0/.",227021,downloaded,
IPsfmJopqPukhZvDuloq,Shiro Wot,Shiro Wot,migrations\images\IPsfmJopqPukhZvDuloq_shiro_wot.jpg,https://live.staticflickr.com/1653/25642523790_138075ebbf_b.jpg,https://api.openverse.org/v1/images/c1c5ee7f-c16e-42de-af1b-4909521d4b8e/thumb/,flickr,Injera with Shiro Wot,David~,by,"""Injera with Shiro Wot"" by David~ is licensed under CC BY 2.0. To view a copy of this license, visit https://creativecommons.org/licenses/by/2.0/.",202738,downloaded,
IjlHKa8exrExjm3pTsVo,Yam and Egg Sauce,Yam and Egg Sauce,migrations\images\IjlHKa8exrExjm3pTsVo_yam_and_egg_sauce.jpg,https://live.staticflickr.com/7259/7432803198_7466dccdbe_b.jpg,https://api.openverse.org/v1/images/942f833d-d940-4e4e-96bb-b7a926c3e30a/thumb/,flickr,Brooklyn: Pok Pok NY - Yam Makheau Yao,wallyg,by-nc-nd,"""Brooklyn: Pok Pok NY - Yam Makheau Yao"" by wallyg is licensed under CC BY-NC-ND 2.0. To view a copy of this license, visit https://creativecommons.org/licenses/by-nc-nd/2.0/.",126275,downloaded,
Imt3ziJaVg50pDie7pqI,Okpa,Okpa,migrations\images\Imt3ziJaVg50pDie7pqI_okpa.jpg,https://live.staticflickr.com/2078/2492082709_3e273cedc7_b.jpg,https://api.openverse.org/v1/images/e5b0a44c-a2c9-47fa-aab8-4b0868c6a31b/thumb/,flickr,'Labour Force 4' de Uche Okpa Iroha,Festival de Cine Africano FCAT,by-nc-sa,"""'Labour Force 4' de Uche Okpa Iroha"" by Festival de Cine Africano FCAT is licensed under CC BY-NC-SA 2.0. To view a copy of this license, visit https://creativecommons.org/licenses/by-nc-sa/2.0/.",88137,downloaded,
JOo8xJDbH5uhcUyp8GSz,Romazava,Romazava,migrations\images\JOo8xJDbH5uhcUyp8GSz_romazava.jpg,https://live.staticflickr.com/5473/10739029023_63d51c06fe.jpg,https://api.openverse.org/v1/images/413553cd-79a8-4564-9388-fd6f736db6b5/thumb/,flickr,Des brèdes Mafana pour le Romazava <3 #madagascar #cuisine #enfance,Le Yéti,by-nc,"""Des brèdes Mafana pour le Romazava <3 #madagascar #cuisine #enfance"" by Le Yéti is licensed under CC BY-NC 2.0. To view a copy of this license, visit https://creativecommons.org/licenses/by-nc/2.0/.",70978,downloaded,
JcTd5Ox3fHtVGxkOWB5M,Tibs (Sautéed Meat),Tibs,migrations\images\JcTd5Ox3fHtVGxkOWB5M_tibs_saut_ed_meat.jpg,https://live.staticflickr.com/5171/5463800805_49be6fd519_b.jpg,https://api.openverse.org/v1/images/5ba87941-5d38-4b4c-a587-789ef8dfae3d/thumb/,flickr,Ethiopia: Tibs Fitfit,crd!,by,"""Ethiopia: Tibs Fitfit"" by crd! is licensed under CC BY 2.0. To view a copy of this license, visit https://creativecommons.org/licenses/by/2.0/.",116859,downloaded,
JpU5QyrgZiKlPxgAcNJ3,Kenkey and Fried Fish,Kenkey and Fried Fish,migrations\images\JpU5QyrgZiKlPxgAcNJ3_kenkey_and_fried_fish.jpg,https://live.staticflickr.com/7518/15787739565_41c1109b08_b.jpg,https://api.openverse.org/v1/images/6ae3bb23-f2aa-4aa4-a3ed-a62f8dee23a1/thumb/,flickr,Ga Kenkey and Fried Fish - Breakfast in Ghana,PapJeff,by-nc,"""Ga Kenkey and Fried Fish - Breakfast in Ghana"" by PapJeff is licensed under CC BY-NC 2.0. To view a copy of this license, visit https://creativecommons.org/licenses/by-nc/2.0/.",152002,downloaded,
JtWpu7yN3nvR8WK64uUu,Kikomando,,,,,,,,,,,no_match,
JvaoPX5yaylKNZI3auwo,Attiéké and Fried Fish,,,,,,,,,,,no_match,
JxeEnt5kfbFVLbqjSvVc,Gizdodo,,,,,,,,,,,no_match,
KFeHOAWxod9cma5apKOh,Pastilla (B'stilla),Pastilla,migrations\images\KFeHOAWxod9cma5apKOh_pastilla_bstilla.jpg,https://live.staticflickr.com/203/492854273_6af14f16fb_b.jpg,https://api.openverse.org/v1/images/9635cd04-2aa2-4dc5-a998-94db1cd697a8/thumb/,flickr,Pastillas.,_iBaNe_,by-nd,"""Pastillas."" by _iBaNe_ is licensed under CC BY-ND 2.0. To view a copy of this license, visit https://creativecommons.org/licenses/by-nd/2.0/.",422649,downloaded,
KKpZsz2bqlFjstQqhEeY,Jollof Rice (Ghana),Jollof Rice,migrations\images\KKpZsz2bqlFjstQqhEeY_jollof_rice_ghana.jpg,https://live.staticflickr.com/3251/2853745181_8a5f9fa230_b.jpg,https://api.openverse.org/v1/images/85db03ca-ece4-4371-b341-06b6625d00c2/thumb/,flickr,jollof rice,secretlondon123,by-sa,"""jollof rice"" by secretlondon123 is licensed under CC BY-SA 2.0. To view a copy of this license, visit https://creativecommons.org/licenses/by-sa/2.0/.",151482,downloaded,
KUXMCnTv4tjHuEm6b83r,Samosa (Kenyan),Samosa,migrations\images\KUXMCnTv4tjHuEm6b83r_samosa_kenyan.jpg,https://live.staticflickr.com/2210/2132192569_688404d125_b.jpg,https://api.openverse.org/v1/images/9886dc8c-c02d-4c60-81fb-0c585def5328/thumb/,flickr,Golden brown (samosas),jakerome,by,"""Golden brown (samosas)"" by jakerome is licensed under CC BY 2.0. To view a copy of this license, visit https://creativecommons.org/licenses/by/2.0/.",253647,downloaded,
KvtiDJceHE6J7VEVN7k6,Romazava,Romazava,migrations\images\KvtiDJceHE6J7VEVN7k6_romazava.jpg,https://live.staticflickr.com/5473/10739029023_63d51c06fe.jpg,https://api.openverse.org/v1/images/413553cd-79a8-4564-9388-fd6f736db6b5/thumb/,flickr,Des brèdes Mafana pour le Romazava <3 #madagascar #cuisine #enfance,Le Yéti,by-nc,"""Des brèdes Mafana pour le Romazava <3 #madagascar #cuisine #enfance"" by Le Yéti is licensed under CC BY-NC 2.0. To view a copy of this license, visit https://creativecommons.org/licenses/by-nc/2.0/.",70978,downloaded,
L0UQuWk0g3qzaQemJdGQ,Pepper Soup,Pepper Soup,migrations\images\L0UQuWk0g3qzaQemJdGQ_pepper_soup.jpg,https://live.staticflickr.com/3781/8868723597_784fcf1630_b.jpg,https://api.openverse.org/v1/images/a0103c40-ef3f-4d42-9674-4a7dabf36daf/thumb/,flickr,Tomato Pepper Soup,Fahara,by-nc-nd,"""Tomato Pepper Soup"" by Fahara is licensed under CC BY-NC-ND 2.0. To view a copy of this license, visit https://creativecommons.org/licenses/by-nc-nd/2.0/.",218580,downloaded,
L4C4Hn7yaBi3SEmdCnKD,Taameya (Egyptian Falafel),Taameya,migrations\images\L4C4Hn7yaBi3SEmdCnKD_taameya_egyptian_falafel.jpg,https://live.staticflickr.com/1779/42031799735_d21cdb5820_b.jpg,https://api.openverse.org/v1/images/8e3cad8d-5db2-45b9-9bac-125a37aa4618/thumb/,flickr,falafel and taameya,La Pulgarcita,by-sa,"""falafel and taameya"" by La Pulgarcita is licensed under CC BY-SA 2.0. To view a copy of this license, visit https://creativecommons.org/licenses/by-sa/2.0/.",124750,downloaded,
LgoD2ArIIDVf8vAmrqSX,Thiéboudienne (Mauritania),Thiéboudienne,migrations\images\LgoD2ArIIDVf8vAmrqSX_thi_boudienne_mauritania.jpg,https://live.staticflickr.com/873/39470144420_f0fb6e48fd_b.jpg,https://api.openverse.org/v1/images/f86ecb1e-af34-4fbe-97d0-fb873e8ad8a6/thumb/,flickr,GOPR3113,Samenargentine,by-nc-sa,"""GOPR3113"" by Samenargentine is licensed under CC BY-NC-SA 2.0. To view a copy of this license, visit https://creativecommons.org/licenses/by-nc-sa/2.0/.",211489,downloaded,
Ls3srOAPKMSrGbRoJZpV,Msemen and Mint Tea,Msemen and Mint Tea,migrations\images\Ls3srOAPKMSrGbRoJZpV_msemen_and_mint_tea.jpg,https://live.staticflickr.com/4545/37700638574_1dcffabe21_b.jpg,https://api.openverse.org/v1/images/da397f1e-63f5-4b67-83af-1236e5bc80e2/thumb/,flickr,The Way to Cultural Understanding is Through the Stomach,Bureau of Educational & Cultural Affairs,by-nc-nd,"""The Way to Cultural Understanding is Through the Stomach"" by Bureau of Educational & Cultural Affairs is licensed under CC BY-NC-ND 2.0. To view a copy of this license, visit https://creativecommons.org/licenses/by-nc-nd/2.0/.",174095,downloaded,
M3LzPoHyivxm5ILIunIE,Boule (Millet Ball),Boule,migrations\images\M3LzPoHyivxm5ILIunIE_boule_millet_ball.jpg,https://live.staticflickr.com/7415/9358797236_4cb74e63c9_b.jpg,https://api.openverse.org/v1/images/fb612fac-cd0a-4ac3-a64e-4c9c0b797b3e/thumb/,flickr,Blue Globe Thistle - Boule Azurée,monteregina,by-nc-sa,"""Blue Globe Thistle - Boule Azurée"" by monteregina is licensed under CC BY-NC-SA 2.0. To view a copy of this license, visit https://creativecommons.org/licenses/by-nc-sa/2.0/.",317138,downloaded,
MBQiTU2g7Sk0GZwSBJ3l,Puff Puff (Cameroonian),Puff Puff,migrations\images\MBQiTU2g7Sk0GZwSBJ3l_puff_puff_cameroonian.jpg,https://live.staticflickr.com/181/475185078_dcbffbf7c1_b.jpg,https://api.openverse.org/v1/images/af3222a4-8e48-4f95-b307-59141c996613/thumb/,flickr,puff puff pass,tinou bao,by,"""puff puff pass"" by tinou bao is licensed under CC BY 2.0. To view a copy of this license, visit https://creativecommons.org/licenses/by/2.0/.",168980,downloaded,
ME2o7OewbUByxbVj7N7E,Bunny Chow,Bunny Chow,migrations\images\ME2o7OewbUByxbVj7N7E_bunny_chow.jpg,https://live.staticflickr.com/5586/29777347743_baf9b8a7f8_b.jpg,https://api.openverse.org/v1/images/0a973d53-2e7a-4130-aa5b-1e6487832603/thumb/,flickr,Finally.... The bunny chow of Durban 😂😂😂 #bunnychow #curry #durban #umhlanga #southafrica #africadosul #indiana,markhillary,by,"""Finally.... The bunny chow of Durban 😂😂😂 #bunnychow #curry #durban #umhlanga #southafrica #africadosul #indiana"" by markhillary is licensed under CC BY 2.0. To view a copy of this license, visit https://creativecommons.org/licenses/by/2.0/.",253115,downloaded,
MF8FlZJTvsJSsWVhRAzM,Amiwo,Amiwo,migrations\images\MF8FlZJTvsJSsWVhRAzM_amiwo.jpg,https://live.staticflickr.com/4752/38891637654_925de2732a_b.jpg,https://api.openverse.org/v1/images/ee84346e-04e1-4ccb-8f98-f4112035d2e1/thumb/,flickr,amiwos,Luis López-Cano,by,"""amiwos"" by Luis López-Cano is licensed under CC BY 2.0. To view a copy of this license, visit https://creativecommons.org/licenses/by/2.0/.",74881,downloaded,
MHgfjh6eVhPAVpntMDte,Dibi (Grilled Lamb),Dibi,migrations\images\MHgfjh6eVhPAVpntMDte_dibi_grilled_lamb.jpg,https://live.staticflickr.com/1322/5166540662_e75b9674a8_b.jpg,https://api.openverse.org/v1/images/0d787ff5-a70d-42fb-9456-a31324821d2f/thumb/,flickr,Tofik Dibi,Roel Wijnants,by-nc,"""Tofik Dibi"" by Roel Wijnants is licensed under CC BY-NC 2.0. To view a copy of this license, visit https://creativecommons.org/licenses/by-nc/2.0/.",278446,downloaded,
MJ5Vk3ayOfAixcWA5kkJ,Peppered Gizzard,Peppered Gizzard,migrations\images\MJ5Vk3ayOfAixcWA5kkJ_peppered_gizzard.jpg,https://live.staticflickr.com/2702/4444132626_39238f720f_b.jpg,https://api.openverse.org/v1/images/99ab865f-a725-4ac1-b679-20c8f2dfd90d/thumb/,flickr,Peppered gizzard,S Martin,by-nc,"""Peppered gizzard"" by S Martin is licensed under CC BY-NC 2.0. To view a copy of this license, visit https://creativecommons.org/licenses/by-nc/2.0/.",120355,downloaded,
MdyC4lodbGGt7TgqlYMq,Couscous Royale,Couscous Royale,migrations\images\MdyC4lodbGGt7TgqlYMq_couscous_royale.jpg,https://live.staticflickr.com/1210/4721104772_86905d35a3_b.jpg,https://api.openverse.org/v1/images/c5398785-5129-46b9-8ddc-e7dd095a7b61/thumb/,flickr,Vegetable Stew for Couscous Royale,avlxyz,by-sa,"""Vegetable Stew for Couscous Royale"" by avlxyz is licensed under CC BY-SA 2.0. To view a copy of this license, visit https://creativecommons.org/licenses/by-sa/2.0/.",91457,downloaded,
MidojtHpJ0zxFz0UfWPn,Fisherman Soup,Fisherman Soup,migrations\images\MidojtHpJ0zxFz0UfWPn_fisherman_soup.jpg,https://live.staticflickr.com/3088/2420140859_0993061736_b.jpg,https://api.openverse.org/v1/images/e843c62a-e3fa-47e0-95be-eb7691b30df0/thumb/,flickr,Fisherman Soup,Timothy Valentine,by-nc-sa,"""Fisherman Soup"" by Timothy Valentine is licensed under CC BY-NC-SA 2.0. To view a copy of this license, visit https://creativecommons.org/licenses/by-nc-sa/2.0/.",148545,downloaded,
Mys8UO8wi0ofSxTOwYCf,Vitumbuwa (Zambian Fritters),,,,,,,,,,,no_match,
N1ipzAFH9dhx3z04zzkH,Gatsby Sandwich,Gatsby Sandwich,migrations\images\N1ipzAFH9dhx3z04zzkH_gatsby_sandwich.jpg,https://live.staticflickr.com/2542/4075204260_654af575af_b.jpg,https://api.openverse.org/v1/images/bdce63fa-c588-4284-8215-fdf5c85f0e19/thumb/,flickr,It's a Gatsby!,MastaBaba,by-nc,"""It's a Gatsby!"" by MastaBaba is licensed under CC BY-NC 2.0. To view a copy of this license, visit https://creativecommons.org/licenses/by-nc/2.0/.",182786,downloaded,
NFeqoI7AoQPguqMvxfIv,Dumboy (Liberian Fufu),Dumboy,migrations\images\NFeqoI7AoQPguqMvxfIv_dumboy_liberian_fufu.jpg,https://live.staticflickr.com/3896/15326508985_6c7556e24a_b.jpg,https://api.openverse.org/v1/images/d410d0d9-3b67-455e-824f-ec122f6afc84/thumb/,flickr,Giln Tab 296 Dumboy,I named my technique CONTEXTING,by-nc,"""Giln Tab 296 Dumboy"" by I named my technique CONTEXTING is licensed under CC BY-NC 2.0. To view a copy of this license, visit https://creativecommons.org/licenses/by-nc/2.0/.",164547,downloaded,
NdLSI9LWJvu3WNQvdD1m,Katogo,Katogo,migrations\images\NdLSI9LWJvu3WNQvdD1m_katogo.jpg,https://live.staticflickr.com/7158/6741903279_50913fdaca_b.jpg,https://api.openverse.org/v1/images/a30aa135-3d1a-4682-9b71-6fda6764ffbd/thumb/,flickr,Katogo,fabulousfabs,by-nc,"""Katogo"" by fabulousfabs is licensed under CC BY-NC 2.0. To view a copy of this license, visit https://creativecommons.org/licenses/by-nc/2.0/.",139631,downloaded,
NpJeOSY0heM35tc5Sg30,Ugali na Nyama,,,,,,,,,,,no_match,
OQSoI6n9RJudjOvDJUVY,Nshima with Ifisashi,Nshima with Ifisashi,migrations\images\OQSoI6n9RJudjOvDJUVY_nshima_with_ifisashi.jpg,https://live.staticflickr.com/65535/52186449155_b6571f0c2c_b.jpg,https://api.openverse.org/v1/images/67070412-86bb-49d6-8ffa-2960ea4865aa/thumb/,flickr,USAID Administrator Samantha Power Travels to Zambia and Malawi,USAID_IMAGES,by-nc,"""USAID Administrator Samantha Power Travels to Zambia and Malawi"" by USAID_IMAGES is licensed under CC BY-NC 2.0. To view a copy of this license, visit https://creativecommons.org/licenses/by-nc/2.0/.",305386,downloaded,
OSRlr8ipDGvixm5a8w0C,Bread and Egg (Nigerian),Bread and Egg,migrations\images\OSRlr8ipDGvixm5a8w0C_bread_and_egg_nigerian.jpg,https://live.staticflickr.com/2456/3553143337_7599faa9db_b.jpg,https://api.openverse.org/v1/images/adfdea86-0143-418e-9805-182eb98e4daa/thumb/,flickr,bloomer bread with egg and sausage and rashers of bacon,MrVJTod,by-sa,"""bloomer bread with egg and sausage and rashers of bacon"" by MrVJTod is licensed under CC BY-SA 2.0. To view a copy of this license, visit https://creativecommons.org/licenses/by-sa/2.0/.",158151,downloaded,
OslneX8sSy30WLkMV7JL,Wali na Maharage,,,,,,,,,,,no_match,
P0rQeiddibdLsxEJyrlA,Luwombo (Banana Leaf Stew),Luwombo,migrations\images\P0rQeiddibdLsxEJyrlA_luwombo_banana_leaf_stew.jpg,https://live.staticflickr.com/2602/3940063538_703366751c_b.jpg,https://api.openverse.org/v1/images/7c6f1be2-a29e-4883-b418-df12284ae1ef/thumb/,flickr,Luwombo beef,gsz,by-nc-nd,"""Luwombo beef"" by gsz is licensed under CC BY-NC-ND 2.0. To view a copy of this license, visit https://creativecommons.org/licenses/by-nc-nd/2.0/.",266128,downloaded,
P6v7bnEGrhxAxtJkobRo,Mbika (Pumpkin Seed Stew),Mbika,migrations\images\P6v7bnEGrhxAxtJkobRo_mbika_pumpkin_seed_stew.jpg,https://live.staticflickr.com/3320/3620865165_471a9879d5_b.jpg,https://api.openverse.org/v1/images/6a331ed7-43fe-4882-a448-c0ad6aa4932d/thumb/,flickr,Cucumeropsis mannii Naudin (CUCURBITACEAE),Scamperdale,by-nc,"""Cucumeropsis mannii Naudin (CUCURBITACEAE)"" by Scamperdale is licensed under CC BY-NC 2.0. To view a copy of this license, visit https://creativecommons.org/licenses/by-nc/2.0/.",390750,downloaded,
PLh7suzhCKnWLHE8iFXa,Fufu & Peanut Soup (Togo),Fufu & Peanut Soup,migrations\images\PLh7suzhCKnWLHE8iFXa_fufu_peanut_soup_togo.jpg,https://live.staticflickr.com/3720/33240379771_8de4c8f0c7_b.jpg,https://api.openverse.org/v1/images/5b426846-a2a9-4473-a815-98b62d2ec175/thumb/,flickr,"African Food in Los Angeles! Excellent Ghanian and West African cuisine. We had Fufu and Peanut soup, Banku with Okra Soup, and Chicken Stew with Jollof rice, plantain, and salad. The food was perfectly fresh and the presentation was excellent. Not greasy",Zeal Harris,by-nd,"""African Food in Los Angeles! Excellent Ghanian and West African cuisine. We had Fufu and Peanut soup, Banku with Okra Soup, and Chicken Stew with Jollof rice, plantain, and salad. The food was perfectly fresh and the presentation was excellent. Not greasy"" by Zeal Harris is licensed under CC BY-ND 2.0. To view a copy of this license, visit https://creativecommons.org/licenses/by-nd/2.0/.",183752,downloaded,
PRWmr4s2xudjEW8zDvVZ,Tuwo Shinkafa,Tuwo Shinkafa,migrations\images\PRWmr4s2xudjEW8zDvVZ_tuwo_shinkafa.jpg,https://live.staticflickr.com/5695/30219435742_95393406b0_b.jpg,https://api.openverse.org/v1/images/cad6ac3b-ec6e-471c-9b8e-493516cbda4c/thumb/,flickr,"Edikang ikong and tuwo shinkafa at Coal City, Edmonton, London N18",Kake .,by-nc-sa,"""Edikang ikong and tuwo shinkafa at Coal City, Edmonton, London N18"" by Kake . is licensed under CC BY-NC-SA 2.0. To view a copy of this license, visit https://creativecommons.org/licenses/by-nc-sa/2.0/.",134999,downloaded,
PeCGnE7rLEzehucCMFol,Ndizi Nyama (Plantain & Meat),,,,,,,,,,,no_match,
Q10KoZOXN43xLCxtYLut,Pâte Noire & Sauce Gombo,,,,,,,,,,,no_match,
Q1QT9OKouqesGMVEEmvu,Ful Medames,Ful Medames,migrations\images\Q1QT9OKouqesGMVEEmvu_ful_medames.jpg,https://live.staticflickr.com/65535/48764289018_86350f5388_b.jpg,https://api.openverse.org/v1/images/7a77c4e7-fbf8-4e14-a037-1f5a59121817/thumb/,flickr,"Ful medames at Communitea, South Norwood, London SE25",Kake .,by-nc-sa,"""Ful medames at Communitea, South Norwood, London SE25"" by Kake . is licensed under CC BY-NC-SA 2.0. To view a copy of this license, visit https://creativecommons.org/licenses/by-nc-sa/2.0/.",288594,downloaded,
QFbeLOZz4Er63q85t3zu,Cachupa,Cachupa,migrations\images\QFbeLOZz4Er63q85t3zu_cachupa.jpg,https://live.staticflickr.com/7311/26880456304_8b8463e7c8_b.jpg,https://api.openverse.org/v1/images/2a44633a-f5ab-40de-adec-bd4db3f61298/thumb/,flickr,Cachupa Psicadélica,zeibalsero,by-nc-nd,"""Cachupa Psicadélica"" by zeibalsero is licensed under CC BY-NC-ND 2.0. To view a copy of this license, visit https://creativecommons.org/licenses/by-nc-nd/2.0/.",229017,downloaded,
QWlLdpAOKUF8bIv7ZSYB,Lahoh,,,,,,,,,,,no_match,
QWmPW2XES5HSRdbyMDIx,Tô (Millet Porridge),Tô,migrations\images\QWmPW2XES5HSRdbyMDIx_t_millet_porridge.jpg,https://live.staticflickr.com/4129/5054815272_0e7e574b71_b.jpg,https://api.openverse.org/v1/images/5e38c087-8160-486b-b5e3-3d2514a2389c/thumb/,flickr,Tô indo...,E l i a n a R e i n a l d o,by-nd,"""Tô indo..."" by E l i a n a R e i n a l d o is licensed under CC BY-ND 2.0. To view a copy of this license, visit https://creativecommons.org/licenses/by-nd/2.0/.",330590,downloaded,
QYZlnkLBmFftNq8o63om,Smen,Smen,migrations\images\QYZlnkLBmFftNq8o63om_smen.jpg,https://live.staticflickr.com/7078/7267205818_dedc307493_b.jpg,https://api.openverse.org/v1/images/381e9a44-7b37-4b6f-a6e9-96aa8d789cf6/thumb/,flickr,Smens i Svarfven,Länsmuseet Gävleborg,by-nc-nd,"""Smens i Svarfven"" by Länsmuseet Gävleborg is licensed under CC BY-NC-ND 2.0. To view a copy of this license, visit https://creativecommons.org/licenses/by-nc-nd/2.0/.",236681,downloaded,
QgzZHrO2krWUF2Fk2NOR,Kat Kat Banane,,,,,,,,,,,no_match,
QhLBN0mqa2HOhobotOkq,Nkwobi,,,,,,,,,,,no_match,
QqS8Daa9llDgHjVgbvtY,Akara (Bean Cakes),Akara,migrations\images\QqS8Daa9llDgHjVgbvtY_akara_bean_cakes.jpg,https://live.staticflickr.com/7052/6970934001_e07baf61fb_b.jpg,https://api.openverse.org/v1/images/7df48d3e-bdc8-481f-848f-07d86bad53a8/thumb/,flickr,Jess Akara,kensavage,by-nc-sa,"""Jess Akara"" by kensavage is licensed under CC BY-NC-SA 2.0. To view a copy of this license, visit https://creativecommons.org/licenses/by-nc-sa/2.0/.",157836,downloaded,
R244M5gqCrP6tXrk1g5U,Merguez,Merguez,migrations\images\R244M5gqCrP6tXrk1g5U_merguez.jpg,https://live.staticflickr.com/40/78219226_63e736e18d_b.jpg,https://api.openverse.org/v1/images/030b3e94-981d-480e-b7b1-ead5f21ac520/thumb/,flickr,"Meat Course: Colorado lamb chops. Merguez-stuffed piquillo pepper, grilled scallions and pearl onions and smoked paprika",ulterior epicure,by-nc-nd,"""Meat Course: Colorado lamb chops. Merguez-stuffed piquillo pepper, grilled scallions and pearl onions and smoked paprika"" by ulterior epicure is licensed under CC BY-NC-ND 2.0. To view a copy of this license, visit https://creativecommons.org/licenses/by-nc-nd/2.0/.",165128,downloaded,
RQfdTXZN6yBJXC8tdMcl,Puff Puff,Puff Puff,migrations\images\RQfdTXZN6yBJXC8tdMcl_puff_puff.jpg,https://live.staticflickr.com/181/475185078_dcbffbf7c1_b.jpg,https://api.openverse.org/v1/images/af3222a4-8e48-4f95-b307-59141c996613/thumb/,flickr,puff puff pass,tinou bao,by,"""puff puff pass"" by tinou bao is licensed under CC BY 2.0. To view a copy of this license, visit https://creativecommons.org/licenses/by/2.0/.",168980,downloaded,
RZ1SASBdyx8C1tuzSpWd,Eru Soup,,,,,,,,,,,no_match,
Rdc3IIgHQrcq4eEgNEMG,Thiéboudienne (Rice and Fish),Thiéboudienne,migrations\images\Rdc3IIgHQrcq4eEgNEMG_thi_boudienne_rice_and_fish.jpg,https://live.staticflickr.com/873/39470144420_f0fb6e48fd_b.jpg,https://api.openverse.org/v1/images/f86ecb1e-af34-4fbe-97d0-fb873e8ad8a6/thumb/,flickr,GOPR3113,Samenargentine,by-nc-sa,"""GOPR3113"" by Samenargentine is licensed under CC BY-NC-SA 2.0. To view a copy of this license, visit https://creativecommons.org/licenses/by-nc-sa/2.0/.",211489,downloaded,
RfDLxANZQkULHtaZq9kB,Nyama Choma (Roast Meat),Nyama Choma,migrations\images\RfDLxANZQkULHtaZq9kB_nyama_choma_roast_meat.jpg,https://live.staticflickr.com/5007/5296381641_e5bbd69b8c_b.jpg,https://api.openverse.org/v1/images/b14c0c2a-0220-4622-b619-69839d4eaa84/thumb/,flickr,Texas nyama choma to be,henribergius,by-sa,"""Texas nyama choma to be"" by henribergius is licensed under CC BY-SA 2.0. To view a copy of this license, visit https://creativecommons.org/licenses/by-sa/2.0/.",236747,downloaded,
RgCWN4paLPtELdQC9BUB,Riz Gras (Burkina),Riz Gras,migrations\images\RgCWN4paLPtELdQC9BUB_riz_gras_burkina.jpg,https://live.staticflickr.com/2135/2247597125_4465def753_b.jpg,https://api.openverse.org/v1/images/c0b342ee-64b2-449d-b6e9-f9376378079c/thumb/,flickr,riz gras ou yollof rice,Rikolto (Vredeseilanden),by-nc,"""riz gras ou yollof rice"" by Rikolto (Vredeseilanden) is licensed under CC BY-NC 2.0. To view a copy of this license, visit https://creativecommons.org/licenses/by-nc/2.0/.",152587,downloaded,
RgfgMMbSpgopm0Y6ay6c,Amala,Amala,migrations\images\RgfgMMbSpgopm0Y6ay6c_amala.jpg,https://live.staticflickr.com/4167/33804958593_946f594afd_b.jpg,https://api.openverse.org/v1/images/1022f8df-b679-49ca-b683-7949e958838f/thumb/,flickr,"La tua pelle, l'organo più grande del tuo corpo. Da sola si protegge e ti protegge, si rigenera, respira... Tienila sempre in buona compagnia, sii cosciente dei prodotti con cui entra in contatto. Amala e brillerà! 😊❤️✌️----------------------",AGRONAUTI,by-sa,"""La tua pelle, l'organo più grande del tuo corpo. Da sola si protegge e ti protegge, si rigenera, respira... Tienila sempre in buona compagnia, sii cosciente dei prodotti con cui entra in contatto. Amala e brillerà! 😊❤️✌️----------------------"" by AGRONAUTI is licensed under CC BY-SA 2.0. To view a copy of this license, visit https://creativecommons.org/licenses/by-sa/2.0/.",73031,downloaded,
S90yZKc4ABZNGFSny9fo,Fufu (Congolese),Fufu,migrations\images\S90yZKc4ABZNGFSny9fo_fufu_congolese.jpg,https://live.staticflickr.com/42/81695733_3bd096d5b2_b.jpg,https://api.openverse.org/v1/images/d0a73982-22c8-4003-b942-4274ecea60ce/thumb/,flickr,fufu 004,martapiqs,by-nc-sa,"""fufu 004"" by martapiqs is licensed under CC BY-NC-SA 2.0. To view a copy of this license, visit https://creativecommons.org/licenses/by-nc-sa/2.0/.",114406,downloaded,
SEYreX1Ci2HdWSimkIgK,Rfissa,Rfissa,migrations\images\SEYreX1Ci2HdWSimkIgK_rfissa.jpg,https://live.staticflickr.com/454/20110756839_c68705420d_b.jpg,https://api.openverse.org/v1/images/bc921afd-d367-4c26-bd29-1e43db142327/thumb/,flickr,"#Yummy Rfissa: One of my #Moroccan favorite dish It is traditionally served with chicken and lentils and fenugreek seeds (helba in Arabic), msemmen, meloui or day-old bread #food #foodies #foodforfoodies #instafood #instagood #Morocco #foodporn #foodpics",Hicham Souilmi,by-nd,"""#Yummy Rfissa: One of my #Moroccan favorite dish It is traditionally served with chicken and lentils and fenugreek seeds (helba in Arabic), msemmen, meloui or day-old bread #food #foodies #foodforfoodies #instafood #instagood #Morocco #foodporn #foodpics"" by Hicham Souilmi is licensed under CC BY-ND 2.0. To view a copy of this license, visit https://creativecommons.org/licenses/by-nd/2.0/.",295346,downloaded,
SJf6ggdlUmxwygHSkyRu,Chicken Tagine with Preserved Lemons & Olives,Chicken Tagine with Preserved Lemons & Olives,migrations\images\SJf6ggdlUmxwygHSkyRu_chicken_tagine_with_preserved_lemons_olives.jpg,https://live.staticflickr.com/65535/46953711305_47fd941ba9_b.jpg,https://api.openverse.org/v1/images/f3154d7a-bc1e-4d65-8212-8087f8029b8d/thumb/,flickr,"Chicken tagine with figs, olives, preserved lemons, and almonds",telepathicparanoia,by-nd,"""Chicken tagine with figs, olives, preserved lemons, and almonds"" by telepathicparanoia is licensed under CC BY-ND 2.0. To view a copy of this license, visit https://creativecommons.org/licenses/by-nd/2.0/.",190632,downloaded,
SXMBza7KvcfG41CNPv8i,Fouti (Fonio Porridge),Fouti,migrations\images\SXMBza7KvcfG41CNPv8i_fouti_fonio_porridge.jpg,https://live.staticflickr.com/3409/4603543116_32b46f16bd.jpg,https://api.openverse.org/v1/images/04939800-f908-494b-b3fd-ed8a156342c4/thumb/,flickr,Sheikha Abdoul Foutie,LoopZilla,by-sa,"""Sheikha Abdoul Foutie"" by LoopZilla is licensed under CC BY-SA 2.0. To view a copy of this license, visit https://creativecommons.org/licenses/by-sa/2.0/.",88611,downloaded,
SxlG7U2RiQJKaS9eVSgU,Ful Medames (Sudan),Ful Medames,migrations\images\SxlG7U2RiQJKaS9eVSgU_ful_medames_sudan.jpg,https://live.staticflickr.com/65535/48764289018_86350f5388_b.jpg,https://api.openverse.org/v1/images/7a77c4e7-fbf8-4e14-a037-1f5a59121817/thumb/,flickr,"Ful medames at Communitea, South Norwood, London SE25",Kake .,by-nc-sa,"""Ful medames at Communitea, South Norwood, London SE25"" by Kake . is licensed under CC BY-NC-SA 2.0. To view a copy of this license, visit https://creativecommons.org/licenses/by-nc-sa/2.0/.",288594,downloaded,
TKIY7gIMMta36Fswunp2,Mafé (Peanut Stew),Mafé,migrations\images\TKIY7gIMMta36Fswunp2_maf_peanut_stew.jpg,https://live.staticflickr.com/22/151269985_c557aef84a_b.jpg,https://api.openverse.org/v1/images/93ffb27b-0de2-4275-afcd-55d18b31fe0c/thumb/,flickr,Mafé,taliesin,by-nc-sa,"""Mafé"" by taliesin is licensed under CC BY-NC-SA 2.0. To view a copy of this license, visit https://creativecommons.org/licenses/by-nc-sa/2.0/.",270363,downloaded,
TZnCV91UXNksKAsGE66E,Kunu (Millet Drink),Kunu,migrations\images\TZnCV91UXNksKAsGE66E_kunu_millet_drink.jpg,https://live.staticflickr.com/65535/6039239714_416a4ee40b_b.jpg,https://api.openverse.org/v1/images/ddd825f7-0695-4fd7-b830-a220514adb21/thumb/,flickr,Kunu-Dr. Sanjoy Satpathy's younger brother with family,Bhakua,by,"""Kunu-Dr. Sanjoy Satpathy's younger brother with family"" by Bhakua is licensed under CC BY 2.0. To view a copy of this license, visit https://creativecommons.org/licenses/by/2.0/.",268685,downloaded,
Tjoyi6opPOgPwIG4Kp4Y,Ful Medames,Ful Medames,migrations\images\Tjoyi6opPOgPwIG4Kp4Y_ful_medames.jpg,https://live.staticflickr.com/65535/48764289018_86350f5388_b.jpg,https://api.openverse.org/v1/images/7a77c4e7-fbf8-4e14-a037-1f5a59121817/thumb/,flickr,"Ful medames at Communitea, South Norwood, London SE25",Kake .,by-nc-sa,"""Ful medames at Communitea, South Norwood, London SE25"" by Kake . is licensed under CC BY-NC-SA 2.0. To view a copy of this license, visit https://creativecommons.org/licenses/by-nc-sa/2.0/.",288594,downloaded,
TnGXe6yZojOQoSOB9p7O,Ekpang Nkukwo,,,,,,,,,,,no_match,
ToYru7fvF2UaDfeSHhRe,Bogobe (Sorghum Porridge),,,,,,,,,,,no_match,
U0h3sGUXPUnbSXvalYJr,Dambu Nama (Shredded Meat),Dambu Nama,migrations\images\U0h3sGUXPUnbSXvalYJr_dambu_nama_shredded_meat.jpg,https://live.staticflickr.com/944/41911196601_7f28eeef44_b.jpg,https://api.openverse.org/v1/images/3c281d06-6201-4a7a-920a-0a7b024e3a87/thumb/,flickr,"Dambu Nama and Whipped Bone Marrow Tart ($9) - Pickles, red onion, and bone marrow whipped into a crème fraîche, held in a delicate bone-marrow tart, sprinkled with crispy, dehydrated Longhorn beef.",loustejskal.com,by,"""Dambu Nama and Whipped Bone Marrow Tart ($9) - Pickles, red onion, and bone marrow whipped into a crème fraîche, held in a delicate bone-marrow tart, sprinkled with crispy, dehydrated Longhorn beef."" by loustejskal.com is licensed under CC BY 2.0. To view a copy of this license, visit https://creativecommons.org/licenses/by/2.0/.",156315,downloaded,
UHPPXMieTTcLA39Sqxgs,Mahshi (Stuffed Vegetables),Mahshi,migrations\images\UHPPXMieTTcLA39Sqxgs_mahshi_stuffed_vegetables.jpg,https://live.staticflickr.com/5612/15734378862_c4a58f0870_b.jpg,https://api.openverse.org/v1/images/d067081a-8053-4be1-9841-a88cf53c8685/thumb/,flickr,2009.08.05 027 Kousa Mahshi,Marray,by-nc-nd,"""2009.08.05 027 Kousa Mahshi"" by Marray is licensed under CC BY-NC-ND 2.0. To view a copy of this license, visit https://creativecommons.org/licenses/by-nc-nd/2.0/.",241543,downloaded,
URqrswWPLRZnkNwkgKui,Koklo Meme (Grilled Chicken),,,,,,,,,,,no_match,
USlHp2DXsH36APbH1jmn,Eba and Egusi Soup,Eba and Egusi Soup,migrations\images\USlHp2DXsH36APbH1jmn_eba_and_egusi_soup.jpg,https://live.staticflickr.com/7015/6720081601_a225f3f9d2_b.jpg,https://api.openverse.org/v1/images/32ec657f-ef98-4ddd-a2a5-5516781ed131/thumb/,flickr,Staff dinning at canteen,IITA Image Library,by-nc,"""Staff dinning at canteen"" by IITA Image Library is licensed under CC BY-NC 2.0. To view a copy of this license, visit https://creativecommons.org/licenses/by-nc/2.0/.",121766,downloaded,
UYEhY7y4G6A2INW7nq6n,Taktouka,Taktouka,migrations\images\UYEhY7y4G6A2INW7nq6n_taktouka.jpg,https://live.staticflickr.com/2866/10103757764_390cdd08e0_b.jpg,https://api.openverse.org/v1/images/58864ae7-3916-4f0c-b3b2-9e0c8eef34cd/thumb/,flickr,Taktouka at Kan Zaman,Joel Abroad,by-nc-sa,"""Taktouka at Kan Zaman"" by Joel Abroad is licensed under CC BY-NC-SA 2.0. To view a copy of this license, visit https://creativecommons.org/licenses/by-nc-sa/2.0/.",175114,downloaded,
Ugm7irxuiNSajeio7YZ7,Ofe Onugbu (Bitter Leaf Soup),,,,,,,,,,,no_match,
V9h6IQKfKnmZ6lViQfRr,Akara (Bean Cakes),Akara,migrations\images\V9h6IQKfKnmZ6lViQfRr_akara_bean_cakes.jpg,https://live.staticflickr.com/7052/6970934001_e07baf61fb_b.jpg,https://api.openverse.org/v1/images/7df48d3e-bdc8-481f-848f-07d86bad53a8/thumb/,flickr,Jess Akara,kensavage,by-nc-sa,"""Jess Akara"" by kensavage is licensed under CC BY-NC-SA 2.0. To view a copy of this license, visit https://creativecommons.org/licenses/by-nc-sa/2.0/.",157836,downloaded,
VVYNz8xoP88n2nUROHrz,Ugali & Sukuma Wiki,Ugali & Sukuma Wiki,migrations\images\VVYNz8xoP88n2nUROHrz_ugali_sukuma_wiki.jpg,https://live.staticflickr.com/8889/18201854911_5283475650_b.jpg,https://api.openverse.org/v1/images/b5a6678e-8fd0-4917-9785-b55161eafba7/thumb/,flickr,"Sukuma wiki and ugali at the Thatched House, Barking, London IG11",Kake .,by-nc-sa,"""Sukuma wiki and ugali at the Thatched House, Barking, London IG11"" by Kake . is licensed under CC BY-NC-SA 2.0. To view a copy of this license, visit https://creativecommons.org/licenses/by-nc-sa/2.0/.",226612,downloaded,
VedComer6swUx5gvTEmu,Pondu (Saka Saka),Pondu,migrations\images\VedComer6swUx5gvTEmu_pondu_saka_saka.jpg,https://live.staticflickr.com/5805/21041147898_7a5b48e1a6_b.jpg,https://api.openverse.org/v1/images/16507ba9-a644-4a99-98b4-ef321f682e6d/thumb/,flickr,"Poulet fumé, pondu, liboke, etc etc... ❤️⭐️💯👑🔝💝 #kinshasa #zaire #drc #drcongo #binzapigeon #banakin #foodporn #africanfood #congolesefood",kaysha,by-nc-nd,"""Poulet fumé, pondu, liboke, etc etc... ❤️⭐️💯👑🔝💝 #kinshasa #zaire #drc #drcongo #binzapigeon #banakin #foodporn #africanfood #congolesefood"" by kaysha is licensed under CC BY-NC-ND 2.0. To view a copy of this license, visit https://creativecommons.org/licenses/by-nc-nd/2.0/.",256151,downloaded,
VfQMeSUVLaG5RXknC189,Chapati (Kenyan),Chapati,migrations\images\VfQMeSUVLaG5RXknC189_chapati_kenyan.jpg,https://live.staticflickr.com/2179/1557720545_3f16d0f97c_b.jpg,https://api.openverse.org/v1/images/9d65e2ef-e436-4cfa-9e91-4db939945c01/thumb/,flickr,Aubergine curry with chapati,rovingI,by,"""Aubergine curry with chapati"" by rovingI is licensed under CC BY 2.0. To view a copy of this license, visit https://creativecommons.org/licenses/by/2.0/.",145235,downloaded,
Vk7MV5lFibALrno8lRUb,Babenda,,,,,,,,,,,no_match,
Vm8WhLa7KjpiNcOBLDPF,Mikate (Congolese Doughnuts),Mikate,migrations\images\Vm8WhLa7KjpiNcOBLDPF_mikate_congolese_doughnuts.jpg,https://live.staticflickr.com/52/182407020_ce1368129f_b.jpg,https://api.openverse.org/v1/images/9d00fdf1-4c0d-430a-beea-604e2e78cba3/thumb/,flickr,Mikate,kaysha,by-nc-nd,"""Mikate"" by kaysha is licensed under CC BY-NC-ND 2.0. To view a copy of this license, visit https://creativecommons.org/licenses/by-nc-nd/2.0/.",162643,downloaded,
VmecDaHSlRwBoMTV0Jij,Fufu & Light Soup,Fufu & Light Soup,migrations\images\VmecDaHSlRwBoMTV0Jij_fufu_light_soup.jpg,https://live.staticflickr.com/6129/5964734695_3b01ecf225_b.jpg,https://api.openverse.org/v1/images/be5d582d-41ca-4c32-9eaf-56b309873854/thumb/,flickr,Fufu in light (tomato) soup with goat,sshreeves,by,"""Fufu in light (tomato) soup with goat"" by sshreeves is licensed under CC BY 2.0. To view a copy of this license, visit https://creativecommons.org/licenses/by/2.0/.",193838,downloaded,
W4FI3VAjI5A80Hzw7Djc,Calulu São-tomense,,,,,,,,,,,no_match,
WZu82lvKYCMtag0KZgnf,Ethiopian Coffee Ceremony,Ethiopian Coffee Ceremony,migrations\images\WZu82lvKYCMtag0KZgnf_ethiopian_coffee_ceremony.jpg,https://live.staticflickr.com/3438/3388009176_dbcefe2967_b.jpg,https://api.openverse.org/v1/images/70f76a5e-09ad-48e7-ab3b-7ba4de0262bf/thumb/,flickr,Ethiopian Coffee Ceremony,babasteve,by-nc,"""Ethiopian Coffee Ceremony"" by babasteve is licensed under CC BY-NC 2.0. To view a copy of this license, visit https://creativecommons.org/licenses/by-nc/2.0/.",233112,downloaded,
WaIyCHndcGlO0LSpyQqv,Gatsby,Gatsby,migrations\images\WaIyCHndcGlO0LSpyQqv_gatsby.jpg,https://live.staticflickr.com/3767/8784929820_b9397b444d_b.jpg,https://api.openverse.org/v1/images/9b605b78-11d7-484d-b779-7b34621a8bf5/thumb/,flickr,The Great Gatsby,Eva Rinaldi Celebrity Photographer,by-sa,"""The Great Gatsby"" by Eva Rinaldi Celebrity Photographer is licensed under CC BY-SA 2.0. To view a copy of this license, visit https://creativecommons.org/licenses/by-sa/2.0/.",337271,downloaded,
WrSvTe1dQx9SfQdaEvyi,Jollof Rice (Ghanaian),Jollof Rice,migrations\images\WrSvTe1dQx9SfQdaEvyi_jollof_rice_ghanaian.jpg,https://live.staticflickr.com/3251/2853745181_8a5f9fa230_b.jpg,https://api.openverse.org/v1/images/85db03ca-ece4-4371-b341-06b6625d00c2/thumb/,flickr,jollof rice,secretlondon123,by-sa,"""jollof rice"" by secretlondon123 is licensed under CC BY-SA 2.0. To view a copy of this license, visit https://creativecommons.org/licenses/by-sa/2.0/.",151482,downloaded,
WyYqonr8ZFfQYDUUmQKl,Kanda (Meatballs in Sauce),Kanda,migrations\images\WyYqonr8ZFfQYDUUmQKl_kanda_meatballs_in_sauce.jpg,https://live.staticflickr.com/5149/5877421820_fb4248904a_b.jpg,https://api.openverse.org/v1/images/cfd70d70-32b8-4ba3-a6c7-9f287cceea94/thumb/,flickr,Kanda River,Guwashi999,by,"""Kanda River"" by Guwashi999 is licensed under CC BY 2.0. To view a copy of this license, visit https://creativecommons.org/licenses/by/2.0/.",247471,downloaded,
WzUMnGZDdn8ImL9zxaVN,Cassava Leaf Stew,,,,,,,,,,,no_match,
XEhlZ3Vd8F2OKsDu5vp2,Koki Beans,Koki Beans,migrations\images\XEhlZ3Vd8F2OKsDu5vp2_koki_beans.jpg,https://live.staticflickr.com/112/296424600_a93ff40335_b.jpg,https://api.openverse.org/v1/images/b3b90698-8c1f-487d-a66e-5b7cdb195646/thumb/,flickr,koki,rbairdpccam,by-nc,"""koki"" by rbairdpccam is licensed under CC BY-NC 2.0. To view a copy of this license, visit https://creativecommons.org/licenses/by-nc/2.0/.",181572,downloaded,
XP4bUEbmfpOzBhdPFE5W,Domoda (Gambian Peanut Stew),Domoda,migrations\images\XP4bUEbmfpOzBhdPFE5W_domoda_gambian_peanut_stew.jpg,https://live.staticflickr.com/2773/32123476163_922d2048f9_b.jpg,https://api.openverse.org/v1/images/63b7e3f5-9de8-482b-a24d-343647debd3e/thumb/,flickr,Dialium guineense (Velvet Tamarind),wallygrom,by-sa,"""Dialium guineense (Velvet Tamarind)"" by wallygrom is licensed under CC BY-SA 2.0. To view a copy of this license, visit https://creativecommons.org/licenses/by-sa/2.0/.",410045,downloaded,
XyfR0WfF7N1y0hZNic83,Samosa (Kenyan),Samosa,migrations\images\XyfR0WfF7N1y0hZNic83_samosa_kenyan.jpg,https://live.staticflickr.com/2210/2132192569_688404d125_b.jpg,https://api.openverse.org/v1/images/9886dc8c-c02d-4c60-81fb-0c585def5328/thumb/,flickr,Golden brown (samosas),jakerome,by,"""Golden brown (samosas)"" by jakerome is licensed under CC BY 2.0. To view a copy of this license, visit https://creativecommons.org/licenses/by/2.0/.",253647,downloaded,
Y4bpjAzKS24xXijwZxTg,Fufu and Light Soup,Fufu and Light Soup,migrations\images\Y4bpjAzKS24xXijwZxTg_fufu_and_light_soup.jpg,https://live.staticflickr.com/5221/5611950239_efd12b9ee6_b.jpg,https://api.openverse.org/v1/images/37cbc73a-fa2f-4750-8421-b529b92cee41/thumb/,flickr,"Chicken and rice, fufu with light soup and fish, banku with okro stew",benketaro,by,"""Chicken and rice, fufu with light soup and fish, banku with okro stew"" by benketaro is licensed under CC BY 2.0. To view a copy of this license, visit https://creativecommons.org/licenses/by/2.0/.",168867,downloaded,
YAemncN9Cp1P0qdo2aOK,White Rice and Stew,White Rice and Stew,migrations\images\YAemncN9Cp1P0qdo2aOK_white_rice_and_stew.jpg,https://live.staticflickr.com/8283/7770387274_3bc888f63e_b.jpg,https://api.openverse.org/v1/images/92ef637a-49db-4090-8a34-339b86657ba4/thumb/,flickr,Red Curry Beef and Saffron Rice,Tobyotter,by,"""Red Curry Beef and Saffron Rice"" by Tobyotter is licensed under CC BY 2.0. To view a copy of this license, visit https://creativecommons.org/licenses/by/2.0/.",198201,downloaded,
YLL6Sof4G7xOY3Wvjyyy,Dambou (Niger),,,,,,,,,,,no_match,
YPZMoKBN4hqVjOiE1iyY,Indomie Jollof,,,,,,,,,,,no_match,
YTL4hKhTZxTqUqzqBJ9L,Beyaynetu (Ethiopian Fasting Platter),Beyaynetu,migrations\images\YTL4hKhTZxTqUqzqBJ9L_beyaynetu_ethiopian_fasting_platter.jpg,https://live.staticflickr.com/7620/16742847141_4d4f8a90b2_b.jpg,https://api.openverse.org/v1/images/3f79a1a6-a01c-46f4-8299-27ec091fbfd4/thumb/,flickr,"Ye-tsom beyaynetu (vegetarian selection) at Gojo Restaurant, Ladbroke Grove, London W10",Kake .,by-nc-sa,"""Ye-tsom beyaynetu (vegetarian selection) at Gojo Restaurant, Ladbroke Grove, London W10"" by Kake . is licensed under CC BY-NC-SA 2.0. To view a copy of this license, visit https://creativecommons.org/licenses/by-nc-sa/2.0/.",409455,downloaded,
Yfig1dkJfWLnCU0YTHPk,Hawawshi,Hawawshi,migrations\images\Yfig1dkJfWLnCU0YTHPk_hawawshi.jpg,https://live.staticflickr.com/3741/10654069625_9664da1c4a_b.jpg,https://api.openverse.org/v1/images/813eccf3-cc76-4259-ad01-84937e93dda0/thumb/,flickr,Homemade Hawawshi,Omranic,by-sa,"""Homemade Hawawshi"" by Omranic is licensed under CC BY-SA 2.0. To view a copy of this license, visit https://creativecommons.org/licenses/by-sa/2.0/.",98799,downloaded,
YmXUATOHA3Pj7ZiyDXNp,Kushari,Kushari,migrations\images\YmXUATOHA3Pj7ZiyDXNp_kushari.jpg,https://live.staticflickr.com/3624/3432134418_d60e5abdc4_b.jpg,https://api.openverse.org/v1/images/1ccc17b2-ded4-4072-b8a3-8040919f6fdb/thumb/,flickr,kushari,washingtonydc,by-nc-sa,"""kushari"" by washingtonydc is licensed under CC BY-NC-SA 2.0. To view a copy of this license, visit https://creativecommons.org/licenses/by-nc-sa/2.0/.",190743,downloaded,
Z8mYRWIx1lZV5hvfDRCk,Dan Wake,Dan Wake,migrations\images\Z8mYRWIx1lZV5hvfDRCk_dan_wake.jpg,https://live.staticflickr.com/2186/1795627913_d48f2f49e8_b.jpg,https://api.openverse.org/v1/images/be7d18b3-857b-40b7-87f4-10945b8a994e/thumb/,flickr,Dan Wake Surfing,SeymourSolo,by-nc-sa,"""Dan Wake Surfing"" by SeymourSolo is licensed under CC BY-NC-SA 2.0. To view a copy of this license, visit https://creativecommons.org/licenses/by-nc-sa/2.0/.",108467,downloaded,
ZCtMgcJX5mZ22alk5raW,Egusi Soup,Egusi Soup,migrations\images\ZCtMgcJX5mZ22alk5raW_egusi_soup.jpg,https://live.staticflickr.com/3012/3075606451_0f8e30aab1_b.jpg,https://api.openverse.org/v1/images/f903971b-aa8a-4865-9c3c-407a5405b0dc/thumb/,flickr,Goat egusi soup with fufu,HC's Foodventure,by-nc,"""Goat egusi soup with fufu"" by HC's Foodventure is licensed under CC BY-NC 2.0. To view a copy of this license, visit https://creativecommons.org/licenses/by-nc/2.0/.",158579,downloaded,
ZnuwZLfl8EwkNIQiyLuO,Dovi (Peanut Butter Stew),Dovi,migrations\images\ZnuwZLfl8EwkNIQiyLuO_dovi_peanut_butter_stew.jpg,https://live.staticflickr.com/1792/42174451990_59be66e449_b.jpg,https://api.openverse.org/v1/images/25e84fe6-fb23-477c-bbf0-0faef0fb39d0/thumb/,flickr,DOVI,kit.hl68,cc0,"""DOVI"" by kit.hl68 is marked with CC0 1.0. To view the terms, visit https://creativecommons.org/publicdomain/zero/1.0/.",125428,downloaded,
ZpNpa9EuKTnTwKXLzkFe,Ewa Agoyin (Mashed Beans),Ewa Agoyin,migrations\images\ZpNpa9EuKTnTwKXLzkFe_ewa_agoyin_mashed_beans.jpg,https://live.staticflickr.com/4798/38883553400_4e2623a02c_b.jpg,https://api.openverse.org/v1/images/788866e5-f910-4e01-b564-6eb1576be6c3/thumb/,flickr,"Ewa agoyin with plantain and fried fish at K’s Spice, Erith, London DA8",Kake .,by-nc-sa,"""Ewa agoyin with plantain and fried fish at K’s Spice, Erith, London DA8"" by Kake . is licensed under CC BY-NC-SA 2.0. To view a copy of this license, visit https://creativecommons.org/licenses/by-nc-sa/2.0/.",212730,downloaded,
ZqAL80w2lwJuituWdepO,Bariis Iskukaris (Somali Spiced Rice),,,,,,,,,,,no_match,
a5FzhOL4cLFLu4JWcYcI,Koeksister,Koeksister,migrations\images\a5FzhOL4cLFLu4JWcYcI_koeksister.jpg,https://live.staticflickr.com/1592/24459403553_15a30b69e7_b.jpg,https://api.openverse.org/v1/images/7036fc8f-4479-447b-9684-644f7f28bee3/thumb/,flickr,"Koeksisters, stiefsisters, slêtsisters #cttype",c_H,by,"""Koeksisters, stiefsisters, slêtsisters #cttype"" by c_H is licensed under CC BY 2.0. To view a copy of this license, visit https://creativecommons.org/licenses/by/2.0/.",277707,downloaded,
a6kqCkBtsbre1igV3bBN,Succotash de Mariscos,,,,,,,,,,,no_match,
a9p1mWV663M6jQZcDmnj,Masa (Waina),Masa,migrations\images\a9p1mWV663M6jQZcDmnj_masa_waina.jpg,https://live.staticflickr.com/3461/3307313376_46bb2b4f6c_b.jpg,https://api.openverse.org/v1/images/d505a898-5b1c-4a5c-9eae-c47a542d2b45/thumb/,flickr,Las teorías de la comunicación de masas,carlos.scolari,by-nc,"""Las teorías de la comunicación de masas"" by carlos.scolari is licensed under CC BY-NC 2.0. To view a copy of this license, visit https://creativecommons.org/licenses/by-nc/2.0/.",71935,downloaded,
aFgcXO5TYYdfmmozXUjz,Ofe Oha,,,,,,,,,,,no_match,
aSwyWtZvVlqkj0J7FP8e,Matoke (Steamed Green Banana),Matoke,migrations\images\aSwyWtZvVlqkj0J7FP8e_matoke_steamed_green_banana.jpg,https://live.staticflickr.com/4017/4427428766_0e27d856fb_b.jpg,https://api.openverse.org/v1/images/5801014c-c73b-4010-834e-37d75be8ca46/thumb/,flickr,"Matoke - Kampala and Entebbe, Uganda",whl.travel,by-nc-sa,"""Matoke - Kampala and Entebbe, Uganda"" by whl.travel is licensed under CC BY-NC-SA 2.0. To view a copy of this license, visit https://creativecommons.org/licenses/by-nc-sa/2.0/.",193840,downloaded,
aTcBbURUIGez7byusa1F,Tigadèguèna (Mali Peanut Stew),,,,,,,,,,,no_match,
aXzCzgRQJuvTXzfpKQKP,Zobo (Hibiscus Drink),Zobo,migrations\images\aXzCzgRQJuvTXzfpKQKP_zobo_hibiscus_drink.jpg,https://live.staticflickr.com/1251/1491210887_fbb3910c14_b.jpg,https://api.openverse.org/v1/images/8e5989bd-9af5-4138-8751-9339bf9d5b71/thumb/,flickr,Zobo,Handmade Stuffs,by-nc-nd,"""Zobo"" by Handmade Stuffs is licensed under CC BY-NC-ND 2.0. To view a copy of this license, visit https://creativecommons.org/licenses/by-nc-nd/2.0/.",184954,downloaded,
aahF7PbgQeKhrz0Tegye,Beans and Plantain,Beans and Plantain,migrations\images\aahF7PbgQeKhrz0Tegye_beans_and_plantain.jpg,https://live.staticflickr.com/585/20902697184_08b2b46ce9_b.jpg,https://api.openverse.org/v1/images/7c200b48-5771-45a8-a462-8787fdecbea3/thumb/,flickr,"Lunch @ Andes Cafe. Shredded stewed beef, (really good) w rice, black beans, fried plantains, and a corn arepa. I've never had a bad meal here. It's central and South American food, so most dishes are gluten free too. #2ndward",synapticburn,by-nc-nd,"""Lunch @ Andes Cafe. Shredded stewed beef, (really good) w rice, black beans, fried plantains, and a corn arepa. I've never had a bad meal here. It's central and South American food, so most dishes are gluten free too. #2ndward"" by synapticburn is licensed under CC BY-NC-ND 2.0. To view a copy of this license, visit https://creativecommons.org/licenses/by-nc-nd/2.0/.",258002,downloaded,
acwRMb0AyEMTLWr3yPiX,Makala (Congolese Doughnut),Makala,migrations\images\acwRMb0AyEMTLWr3yPiX_makala_congolese_doughnut.jpg,https://live.staticflickr.com/2133/2201987397_76022f6678_b.jpg,https://api.openverse.org/v1/images/5ec82630-d8ea-4aab-845a-d2f69f19aded/thumb/,flickr,2007 - MAN - EDDIE STOBART - TRUCK - MAKALA,CARLOS62,by-nc,"""2007 - MAN - EDDIE STOBART - TRUCK - MAKALA"" by CARLOS62 is licensed under CC BY-NC 2.0. To view a copy of this license, visit https://creativecommons.org/licenses/by-nc/2.0/.",228751,downloaded,
aktqWOzjzzrKvljrcMhH,Bâton de Manioc,Bâton de Manioc,migrations\images\aktqWOzjzzrKvljrcMhH_b_ton_de_manioc.jpg,https://live.staticflickr.com/3062/2336789163_385dec9d10_b.jpg,https://api.openverse.org/v1/images/56242996-3827-4db5-9b08-475a58a54075/thumb/,flickr,Préparation de bâtons de manioc,Gasti,by-nc-sa,"""Préparation de bâtons de manioc"" by Gasti is licensed under CC BY-NC-SA 2.0. To view a copy of this license, visit https://creativecommons.org/licenses/by-nc-sa/2.0/.",249983,downloaded,
am7Uv5eUu8i7lHroec8H,Moroccan Mint Tea,Moroccan Mint Tea,migrations\images\am7Uv5eUu8i7lHroec8H_moroccan_mint_tea.jpg,https://live.staticflickr.com/7053/6869050698_341f894ce7_b.jpg,https://api.openverse.org/v1/images/ab55a5a6-5155-498c-8c6e-eae5aa30868e/thumb/,flickr,Moroccan Mint Tea,simon_music,by-sa,"""Moroccan Mint Tea"" by simon_music is licensed under CC BY-SA 2.0. To view a copy of this license, visit https://creativecommons.org/licenses/by-sa/2.0/.",152902,downloaded,
aoIuUWtKI7KOYQT6cJT5,Matapa,Matapa,migrations\images\aoIuUWtKI7KOYQT6cJT5_matapa.jpg,https://live.staticflickr.com/65535/49100163152_05dcace69c_b.jpg,https://api.openverse.org/v1/images/a37bb331-d80c-406f-9427-41b65f4b6e92/thumb/,flickr,Matapa Aria - Common Red Eye,Green Baron Pro,by-nc,"""Matapa Aria - Common Red Eye"" by Green Baron Pro is licensed under CC BY-NC 2.0. To view a copy of this license, visit https://creativecommons.org/licenses/by-nc/2.0/.",148660,downloaded,
bBEpu8sOvelQnhnB1UQa,Couscous Tunisien,Couscous Tunisien,migrations\images\bBEpu8sOvelQnhnB1UQa_couscous_tunisien.jpg,https://live.staticflickr.com/8398/8685863438_dd9244b2d6.jpg,https://api.openverse.org/v1/images/b76e85d6-ca1d-4a42-8a53-0ff551bd6661/thumb/,flickr,"Ce soir, c'est couscous tunisien!",Suppaiku,by-nc-sa,"""Ce soir, c'est couscous tunisien!"" by Suppaiku is licensed under CC BY-NC-SA 2.0. To view a copy of this license, visit https://creativecommons.org/licenses/by-nc-sa/2.0/.",76657,downloaded,
bcJreidGkqwTNSGWkJi1,Moi Moi and Custard/Pap,,,,,,,,,,,no_match,
bmW8bBxNl9Y0eAMTFtAN,Café Touba,Café Touba,migrations\images\bmW8bBxNl9Y0eAMTFtAN_caf_touba.jpg,https://live.staticflickr.com/6220/6872936050_0aa6375f23_b.jpg,https://api.openverse.org/v1/images/4864f92f-58b0-486a-8615-768ff657dc13/thumb/,flickr,café touba avant départ,3D Fiction,by,"""café touba avant départ"" by 3D Fiction is licensed under CC BY 2.0. To view a copy of this license, visit https://creativecommons.org/licenses/by/2.0/.",117354,downloaded,
c1JxyvsiFZmwUsSIJNPT,Umm Ali (Egyptian Bread Pudding),Umm Ali,migrations\images\c1JxyvsiFZmwUsSIJNPT_umm_ali_egyptian_bread_pudding.jpg,https://live.staticflickr.com/2936/14003431402_df809d8414.jpg,https://api.openverse.org/v1/images/0eeac968-acbe-4d58-800b-aeb95936d4a9/thumb/,flickr,"Desserts! [Umm Ali, Chocolate custard, Gulab Jamun & fruits]",debbietingzon,by,"""Desserts! [Umm Ali, Chocolate custard, Gulab Jamun & fruits]"" by debbietingzon is licensed under CC BY 2.0. To view a copy of this license, visit https://creativecommons.org/licenses/by/2.0/.",81551,downloaded,
cR37EK1zb3tiGNgXQYgF,Efo Riro,Efo Riro,migrations\images\cR37EK1zb3tiGNgXQYgF_efo_riro.jpg,https://live.staticflickr.com/4311/36179954101_f6d8c3185d_b.jpg,https://api.openverse.org/v1/images/348af241-b215-49e8-a8f0-c42e39fd1d03/thumb/,flickr,Efo Riro,MarinaCherbonnier,by-nc-sa,"""Efo Riro"" by MarinaCherbonnier is licensed under CC BY-NC-SA 2.0. To view a copy of this license, visit https://creativecommons.org/licenses/by-nc-sa/2.0/.",125827,downloaded,
cWbvSJaqYPsxMjGmL2gj,"Nshima, Kapenta and Chibwabwa",,,,,,,,,,,no_match,
cf5Xk28rkVpeL25IbOzz,Garba (Attiéké with Tuna),Garba,migrations\images\cf5Xk28rkVpeL25IbOzz_garba_atti_k_with_tuna.jpg,https://live.staticflickr.com/5757/20328808813_51c816719d_b.jpg,https://api.openverse.org/v1/images/95d94de9-32ef-4ef9-bdea-1d3dc3b6a56c/thumb/,flickr,Garba Tounkara,billknock,by,"""Garba Tounkara"" by billknock is licensed under CC BY 2.0. To view a copy of this license, visit https://creativecommons.org/licenses/by/2.0/.",117984,downloaded,
ctBQ51T45tmZ5r5CFXdY,Biltong,Biltong,migrations\images\ctBQ51T45tmZ5r5CFXdY_biltong.jpg,https://live.staticflickr.com/8536/29166197104_c1da631a0c_b.jpg,https://api.openverse.org/v1/images/ddb77bb5-52b0-4445-aa2f-292f60d3ecb4/thumb/,flickr,Mr Biltong,MonteMare25,by-nc-sa,"""Mr Biltong"" by MonteMare25 is licensed under CC BY-NC-SA 2.0. To view a copy of this license, visit https://creativecommons.org/licenses/by-nc-sa/2.0/.",291155,downloaded,
cvPuijpC5IZ6f2TVFnZS,Fried Rice (Nigerian),Fried Rice,migrations\images\cvPuijpC5IZ6f2TVFnZS_fried_rice_nigerian.jpg,https://live.staticflickr.com/65535/49427741561_ea7c84e15d_b.jpg,https://api.openverse.org/v1/images/946931fc-3131-4b8a-8190-372b992e6535/thumb/,flickr,Fish and Fried Rice,ehpien,by-nc-nd,"""Fish and Fried Rice"" by ehpien is licensed under CC BY-NC-ND 2.0. To view a copy of this license, visit https://creativecommons.org/licenses/by-nc-nd/2.0/.",395523,downloaded,
daapXh4PmbpoSA1lBXO5,Harira,Harira,migrations\images\daapXh4PmbpoSA1lBXO5_harira.jpg,https://live.staticflickr.com/2503/3883532813_45979e7a4b_b.jpg,https://api.openverse.org/v1/images/49c718b3-3191-4f4d-8b1c-89174ef1f55a/thumb/,flickr,Harira,rofi,by-nc-sa,"""Harira"" by rofi is licensed under CC BY-NC-SA 2.0. To view a copy of this license, visit https://creativecommons.org/licenses/by-nc-sa/2.0/.",214538,downloaded,
dnjVw0RjPXhUDykdqtAK,Injera with Doro Wat,Injera with Doro Wat,migrations\images\dnjVw0RjPXhUDykdqtAK_injera_with_doro_wat.jpg,https://live.staticflickr.com/65535/54292996570_76a92a8708_b.jpg,https://api.openverse.org/v1/images/c4290074-1f55-4ea3-a70b-b43ae3847849/thumb/,flickr,"Doro wat, tikil gomen with injera",psd,by,"""Doro wat, tikil gomen with injera"" by psd is licensed under CC BY 2.0. To view a copy of this license, visit https://creativecommons.org/licenses/by/2.0/.",179657,downloaded,
drsfsb17zNmrK1pfDWXw,Muamba de Galinha,,,,,,,,,,,no_match,
dzv5sT6JP1Y5J538noZS,Rolex (Rolled Eggs),Rolex,migrations\images\dzv5sT6JP1Y5J538noZS_rolex_rolled_eggs.jpg,https://live.staticflickr.com/3147/3030723698_6881f92805_b.jpg,https://api.openverse.org/v1/images/2ce72209-c3a2-4d77-bf11-264adb4382ad/thumb/,flickr,Rolex,txinkman,by-nc,"""Rolex"" by txinkman is licensed under CC BY-NC 2.0. To view a copy of this license, visit https://creativecommons.org/licenses/by-nc/2.0/.",178467,downloaded,
eDKFlBzWvLcCjBnjSSvF,Shawarma (Egyptian Style),Shawarma,migrations\images\eDKFlBzWvLcCjBnjSSvF_shawarma_egyptian_style.jpg,https://live.staticflickr.com/52/136827067_2b456596b3_b.jpg,https://api.openverse.org/v1/images/54dcfe8e-5d79-47a2-b0e9-7ab62547ff2c/thumb/,flickr,Shawarma,Allan Reyes,by-nc-nd,"""Shawarma"" by Allan Reyes is licensed under CC BY-NC-ND 2.0. To view a copy of this license, visit https://creativecommons.org/licenses/by-nc-nd/2.0/.",227697,downloaded,
eQOkWb55xwulR70IXjnr,Bole (Roasted Plantain),Bole,migrations\images\eQOkWb55xwulR70IXjnr_bole_roasted_plantain.jpg,https://live.staticflickr.com/8692/17548980015_5c8b5ee14d_b.jpg,https://api.openverse.org/v1/images/a8fba485-d369-4e64-8773-359706689583/thumb/,flickr,"Nick Boles MP, Minister of State for Skills",bisgovuk,by-nd,"""Nick Boles MP, Minister of State for Skills"" by bisgovuk is licensed under CC BY-ND 2.0. To view a copy of this license, visit https://creativecommons.org/licenses/by-nd/2.0/.",138238,downloaded,
eReZMMtMw0Rdpg4cGvYV,Mishkaki,Mishkaki,migrations\images\eReZMMtMw0Rdpg4cGvYV_mishkaki.jpg,https://live.staticflickr.com/7122/7706260246_e728e4fcba_b.jpg,https://api.openverse.org/v1/images/bfa40b9a-885e-4c7d-9393-0d971e694184/thumb/,flickr,Mishkaki & Fish!,vel_vasta,by-sa,"""Mishkaki & Fish!"" by vel_vasta is licensed under CC BY-SA 2.0. To view a copy of this license, visit https://creativecommons.org/licenses/by-sa/2.0/.",199538,downloaded,
eSoYfWPmtGwK3HRtbRLD,Coconut Rice,Coconut Rice,migrations\images\eSoYfWPmtGwK3HRtbRLD_coconut_rice.jpg,https://live.staticflickr.com/7292/8739842569_debcaa3a47_b.jpg,https://api.openverse.org/v1/images/6bb3e09a-4ed1-4258-b098-b79bb9d0a95f/thumb/,flickr,w1 coconut rice & greens,jules:stonesoup,by,"""w1 coconut rice & greens"" by jules:stonesoup is licensed under CC BY 2.0. To view a copy of this license, visit https://creativecommons.org/licenses/by/2.0/.",179457,downloaded,
eWBFmL81wxAe7heLhlwr,Banku & Tilapia,Banku & Tilapia,migrations\images\eWBFmL81wxAe7heLhlwr_banku_tilapia.jpg,https://live.staticflickr.com/3413/3310295774_385866a68e_b.jpg,https://api.openverse.org/v1/images/b5c596ea-f2f2-4125-b7e0-37fed23fe7ec/thumb/,flickr,banku & tilapia with malta,bagaball,by,"""banku & tilapia with malta"" by bagaball is licensed under CC BY 2.0. To view a copy of this license, visit https://creativecommons.org/licenses/by/2.0/.",109123,downloaded,
es189eBL7HiyrtK6Hn9M,Vary amin'anana (Rice and Greens),,,,,,,,,,,no_match,
ey7opiUiSVf1u8Ck7E2y,Dodo (Fried Plantain),Dodo,migrations\images\ey7opiUiSVf1u8Ck7E2y_dodo_fried_plantain.jpg,https://live.staticflickr.com/65535/52372746517_88b153fbfe_b.jpg,https://api.openverse.org/v1/images/ab6d186e-e438-44f4-a7e7-61291916f2f6/thumb/,flickr,Dodo Pizza Curry SMM,dodopizzastory,by-sa,"""Dodo Pizza Curry SMM"" by dodopizzastory is licensed under CC BY-SA 2.0. To view a copy of this license, visit https://creativecommons.org/licenses/by-sa/2.0/.",216820,downloaded,
fIgnAQ3NwQHGLjW5pzhr,Makande (Maize and Beans),Makande,migrations\images\fIgnAQ3NwQHGLjW5pzhr_makande_maize_and_beans.jpg,https://live.staticflickr.com/7364/26993550045_cf4acd75ee_b.jpg,https://api.openverse.org/v1/images/1ad0d5c3-f98d-4a82-b95b-811bddd86a91/thumb/,flickr,Ann Makander in the Studio,Women's Studio Workshop,by,"""Ann Makander in the Studio"" by Women's Studio Workshop is licensed under CC BY 2.0. To view a copy of this license, visit https://creativecommons.org/licenses/by/2.0/.",229065,downloaded,
fTSE3EkUru4v1ossDGLT,Achu Soup and Fufu (Yellow Soup),,,,,,,,,,,no_match,
fUrCaO3sas6h4FGZbOaX,Cambuulo (Adzuki Bean Dessert),,,,,,,,,,,no_match,
fVg4tPzPUkEQ3HWJyfAw,Yassa Poulet,Yassa Poulet,migrations\images\fVg4tPzPUkEQ3HWJyfAw_yassa_poulet.jpg,https://live.staticflickr.com/2921/33772658410_94b5376915_b.jpg,https://api.openverse.org/v1/images/8bfc361d-bf77-4568-991a-1290cc7c3c9d/thumb/,flickr,"cuisinedemememoniq: Une recette de poulet yassa du groupe partage cuisine africaine sur WhatsApp http://ift.tt/2pFvA8m #cuisineafricaine #poulet #yassa #pouletyassa #cuisine #food #homemade #faitmaison N'hésitez pas à nous demander la recette, nous la pub",eric.delcroix,by-nc-sa,"""cuisinedemememoniq: Une recette de poulet yassa du groupe partage cuisine africaine sur WhatsApp http://ift.tt/2pFvA8m #cuisineafricaine #poulet #yassa #pouletyassa #cuisine #food #homemade #faitmaison N'hésitez pas à nous demander la recette, nous la pub"" by eric.delcroix is licensed under CC BY-NC-SA 2.0. To view a copy of this license, visit https://creativecommons.org/licenses/by-nc-sa/2.0/.",259769,downloaded,
fYt87eSZ8J1yCnECsSib,Nsima with Chambo,,,,,,,,,,,no_match,
fglM1eMEnzGZtBqFSBt6,Tajine Zitoun,,,,,,,,,,,no_match,
flNOxHQtPA8B9ckTmJD3,Couscous Algérois,,,,,,,,,,,no_match,
gHhYouqL7YgxyG9DXiJ4,Chipsi Mayai (Chips Omelette),,,,,,,,,,,no_match,
gIMrqWmOVdyniPNkr2qy,Posho and Beans,Posho and Beans,migrations\images\gIMrqWmOVdyniPNkr2qy_posho_and_beans.jpg,https://live.staticflickr.com/5294/5569681828_ceb7677dbf.jpg,https://api.openverse.org/v1/images/a934b88b-0720-44cb-89d9-d2604ff9cc33/thumb/,flickr,Queuing for Posho And Beans,Simon Bramwell,by-nc-nd,"""Queuing for Posho And Beans"" by Simon Bramwell is licensed under CC BY-NC-ND 2.0. To view a copy of this license, visit https://creativecommons.org/licenses/by-nc-nd/2.0/.",73447,downloaded,
gQkL7qwERw5OvaxNoBO8,Fufu and Pondu,,,,,,,,,,,no_match,
gbNH5c2pATE3y8gezyng,Yam Porridge (Asaro),Yam Porridge,migrations\images\gbNH5c2pATE3y8gezyng_yam_porridge_asaro.jpg,https://live.staticflickr.com/1147/847879719_233db14229_b.jpg,https://api.openverse.org/v1/images/aa1a7147-99dd-4745-91da-5d04cbb110dc/thumb/,flickr,"raw tuna, raw egg on yam porridge",INCITE,by-sa,"""raw tuna, raw egg on yam porridge"" by INCITE is licensed under CC BY-SA 2.0. To view a copy of this license, visit https://creativecommons.org/licenses/by-sa/2.0/.",289624,downloaded,
gjFHMR898eEcnAYtxRnV,Nshima and Ifisashi,Nshima and Ifisashi,migrations\images\gjFHMR898eEcnAYtxRnV_nshima_and_ifisashi.jpg,https://live.staticflickr.com/65535/52186449155_b6571f0c2c_b.jpg,https://api.openverse.org/v1/images/67070412-86bb-49d6-8ffa-2960ea4865aa/thumb/,flickr,USAID Administrator Samantha Power Travels to Zambia and Malawi,USAID_IMAGES,by-nc,"""USAID Administrator Samantha Power Travels to Zambia and Malawi"" by USAID_IMAGES is licensed under CC BY-NC 2.0. To view a copy of this license, visit https://creativecommons.org/licenses/by-nc/2.0/.",305386,downloaded,
gsslh8ZUFCKvhzgYC2QZ,Chakalaka,Chakalaka,migrations\images\gsslh8ZUFCKvhzgYC2QZ_chakalaka.jpg,https://live.staticflickr.com/7262/7128804881_5f3de3da15_b.jpg,https://api.openverse.org/v1/images/d3139484-c93f-455e-acdf-9617a92c1238/thumb/,flickr,Boerewors Chakalaka via @hautesausage,swanksalot,by-nc-sa,"""Boerewors Chakalaka via @hautesausage"" by swanksalot is licensed under CC BY-NC-SA 2.0. To view a copy of this license, visit https://creativecommons.org/licenses/by-nc-sa/2.0/.",194579,downloaded,
hGiE01stTDhbMr3WIfqD,Zanzibar Pilau,Zanzibar Pilau,migrations\images\hGiE01stTDhbMr3WIfqD_zanzibar_pilau.jpg,https://live.staticflickr.com/72/189424191_45f4ab73d9_b.jpg,https://api.openverse.org/v1/images/3e0f25fe-83c3-4236-a386-843c8e01a35b/thumb/,flickr,2006_07_14,sporkist,by,"""2006_07_14"" by sporkist is licensed under CC BY 2.0. To view a copy of this license, visit https://creativecommons.org/licenses/by/2.0/.",187277,downloaded,
hPVBCVCHVqgvIP4JcjfK,Pepesoup (Equatoguinean),Pepesoup,migrations\images\hPVBCVCHVqgvIP4JcjfK_pepesoup_equatoguinean.jpg,https://live.staticflickr.com/4295/36272680566_1b9afb387b_b.jpg,https://api.openverse.org/v1/images/72323b81-3c96-47a4-916a-92f0b2fe5f42/thumb/,flickr,Pepe Soup with Yam,MarinaCherbonnier,by-nc-sa,"""Pepe Soup with Yam"" by MarinaCherbonnier is licensed under CC BY-NC-SA 2.0. To view a copy of this license, visit https://creativecommons.org/licenses/by-nc-sa/2.0/.",269855,downloaded,
hwiHpGpDoLJ8iDQ5ARRb,Sadza and Muriwo ne Nyama,,,,,,,,,,,no_match,
i0Wcx7UzbrzBL6spih8Z,Afang Soup,Afang Soup,migrations\images\i0Wcx7UzbrzBL6spih8Z_afang_soup.jpg,https://live.staticflickr.com/2568/4162179829_aa6e39822e_b.jpg,https://api.openverse.org/v1/images/289a5ead-3476-4b32-8b17-0ecc4474cb5e/thumb/,flickr,Okazi (Afang) Soup,Food Stories,by-nc-sa,"""Okazi (Afang) Soup"" by Food Stories is licensed under CC BY-NC-SA 2.0. To view a copy of this license, visit https://creativecommons.org/licenses/by-nc-sa/2.0/.",232799,downloaded,
i36rDS0bZXe2OafxlBGW,Gbegiri Soup,Gbegiri Soup,migrations\images\i36rDS0bZXe2OafxlBGW_gbegiri_soup.jpg,https://live.staticflickr.com/7158/6730822215_eb5d84a6b9_b.jpg,https://api.openverse.org/v1/images/e283c2c2-37bd-44d4-8d5e-bc24b17a0f12/thumb/,flickr,Women demonstrating food preparation,IITA Image Library,by-nc,"""Women demonstrating food preparation"" by IITA Image Library is licensed under CC BY-NC 2.0. To view a copy of this license, visit https://creativecommons.org/licenses/by-nc/2.0/.",137861,downloaded,
iEOd81QE33iDpYIReKTh,Waakye,Waakye,migrations\images\iEOd81QE33iDpYIReKTh_waakye.jpg,https://live.staticflickr.com/65535/47637303061_ab69be8f05_b.jpg,https://api.openverse.org/v1/images/589323b2-5277-41a7-ab1a-5c1f8504d3f2/thumb/,flickr,"Waakye with stew at Joyce’s Palace, Croydon, London CR0",Kake .,by-nc-sa,"""Waakye with stew at Joyce’s Palace, Croydon, London CR0"" by Kake . is licensed under CC BY-NC-SA 2.0. To view a copy of this license, visit https://creativecommons.org/licenses/by-nc-sa/2.0/.",212156,downloaded,
iLiygfzWqEUVObwla9b0,Yassa Chicken,Yassa Chicken,migrations\images\iLiygfzWqEUVObwla9b0_yassa_chicken.jpg,https://live.staticflickr.com/4515/37913661205_d3426465a0_b.jpg,https://api.openverse.org/v1/images/ff75c8fe-846a-4d5b-aa33-1e52621f31b0/thumb/,flickr,"Life achievement: being recognized at Yassa as the guy who arrives on a bike, sits at the table for one, and demolishes a whole plate of Yassa chicken.",reallyboring,by-nc-nd,"""Life achievement: being recognized at Yassa as the guy who arrives on a bike, sits at the table for one, and demolishes a whole plate of Yassa chicken."" by reallyboring is licensed under CC BY-NC-ND 2.0. To view a copy of this license, visit https://creativecommons.org/licenses/by-nc-nd/2.0/.",284665,downloaded,
iNMtDdSduSBx31blPlAI,Seswaa,Seswaa,migrations\images\iNMtDdSduSBx31blPlAI_seswaa.jpg,https://live.staticflickr.com/3228/2683367073_664f0bba9f_b.jpg,https://api.openverse.org/v1/images/d2a3fbe5-b40f-4ec1-8ca0-a43234eb7bdd/thumb/,flickr,"Tswana Seswaa, mmmmm, yummy!",md_winkler,by-nc-nd,"""Tswana Seswaa, mmmmm, yummy!"" by md_winkler is licensed under CC BY-NC-ND 2.0. To view a copy of this license, visit https://creativecommons.org/licenses/by-nc-nd/2.0/.",132945,downloaded,
iXicckAbbEXUfL8sKPR8,Malva Pudding,Malva Pudding,migrations\images\iXicckAbbEXUfL8sKPR8_malva_pudding.jpg,https://live.staticflickr.com/65535/55109260250_663361c707_b.jpg,https://api.openverse.org/v1/images/074df0b3-2d38-4508-82c2-6c3723dcf63c/thumb/,flickr,Malva Pudding is a South African dessert ...,JFGryphon,cc0,"""Malva Pudding is a South African dessert ..."" by JFGryphon is marked with CC0 1.0. To view the terms, visit https://creativecommons.org/publicdomain/zero/1.0/.",210057,downloaded,
igI3pgcU5jdG55zyNpt3,Alloco (Fried Plantain),Alloco,migrations\images\igI3pgcU5jdG55zyNpt3_alloco_fried_plantain.jpg,https://live.staticflickr.com/652/32108704275_a4a2183c1f_b.jpg,https://api.openverse.org/v1/images/ca3bede9-7c93-4758-9836-3bc977ba2b5e/thumb/,flickr,Déjeuner classique chez Nadiath au @patio229 ce midi après avoir parcouru #Cotonou à la recherche vainement du foutou banane. Spécial merci Au Tout puissant @limmortelferry ✌bro. @pkumako I see you... #Riz #tilapia #alloco #Bénin #wasexo #Team229,Seigla,by-nc-nd,"""Déjeuner classique chez Nadiath au @patio229 ce midi après avoir parcouru #Cotonou à la recherche vainement du foutou banane. Spécial merci Au Tout puissant @limmortelferry ✌bro. @pkumako I see you... #Riz #tilapia #alloco #Bénin #wasexo #Team229"" by Seigla is licensed under CC BY-NC-ND 2.0. To view a copy of this license, visit https://creativecommons.org/licenses/by-nc-nd/2.0/.",284164,downloaded,
imUxxXdeNglFMoKADW50,Shito (Hot Pepper Sauce),Shito,migrations\images\imUxxXdeNglFMoKADW50_shito_hot_pepper_sauce.jpg,https://live.staticflickr.com/3890/14907176868_3378cfd6d5_b.jpg,https://api.openverse.org/v1/images/89ba86e0-785c-49ca-aad1-e064d2d7dfe4/thumb/,flickr,"Peeled blackeye beans, yellow gari, and shito",Kake .,by-nc-sa,"""Peeled blackeye beans, yellow gari, and shito"" by Kake . is licensed under CC BY-NC-SA 2.0. To view a copy of this license, visit https://creativecommons.org/licenses/by-nc-sa/2.0/.",262190,downloaded,
inxBlZD8mAVO5JYaK7uG,Palava Sauce,Palava Sauce,migrations\images\inxBlZD8mAVO5JYaK7uG_palava_sauce.jpg,https://live.staticflickr.com/4279/35441190911_45b3cd1cbb_b.jpg,https://api.openverse.org/v1/images/c2713cf9-a9cd-465e-8b85-16a67a7f10b2/thumb/,flickr,"Boiled yam with palava sauce at Timber Gardens, Croydon, London CR0",Kake .,by-nc-sa,"""Boiled yam with palava sauce at Timber Gardens, Croydon, London CR0"" by Kake . is licensed under CC BY-NC-SA 2.0. To view a copy of this license, visit https://creativecommons.org/licenses/by-nc-sa/2.0/.",208393,downloaded,
irAj9BMKyAp1BD87Z7L8,Isombe (Cassava Leaf Stew),Isombe,migrations\images\irAj9BMKyAp1BD87Z7L8_isombe_cassava_leaf_stew.jpg,https://inaturalist-open-data.s3.amazonaws.com/photos/391025409/original.jpg,https://api.openverse.org/v1/images/751c3f21-1067-4278-a700-d405a367a334/thumb/,inaturalist,"emale, eyisombi, igihoro, ishonzi, isombe, kambale, malagarazi, mokkakonnamonni, nduri, nsonzi, sagkobaber, smooth-head catfish, smoothhead catfish, tukpe, umugorora, umukubengeri, 裸头胡鲶, 裸頭鬍鯰",Gina Walsh,by-nc,"""emale, eyisombi, igihoro, ishonzi, isombe, kambale, malagarazi, mokkakonnamonni, nduri, nsonzi, sagkobaber, smooth-head catfish, smoothhead catfish, tukpe, umugorora, umukubengeri, 裸头胡鲶, 裸頭鬍鯰"" by Gina Walsh is licensed under CC BY-NC 4.0. To view a copy of this license, visit http://creativecommons.org/licenses/by-nc/4.0/.",334123,downloaded,
jMxuq4dUXALyrAvWcoir,Indomie and Egg,Indomie and Egg,migrations\images\jMxuq4dUXALyrAvWcoir_indomie_and_egg.jpg,https://live.staticflickr.com/8605/16658068862_5d5d413cc6.jpg,https://api.openverse.org/v1/images/0350109f-d979-4de4-97d4-2e3f176f4916/thumb/,flickr,Dalam rangka pengembalian vitalitas dan dalam rangka memperkosa cetakan wafel baru. Satu indomie dan satu telur terhidang in no time. Voala! 👨😚👌🍜🍳 #indomie #telur #egg #wafel #waffle #dntj #chilliflakes #mixherbs,danidantje,by-nc-sa,"""Dalam rangka pengembalian vitalitas dan dalam rangka memperkosa cetakan wafel baru. Satu indomie dan satu telur terhidang in no time. Voala! 👨😚👌🍜🍳 #indomie #telur #egg #wafel #waffle #dntj #chilliflakes #mixherbs"" by danidantje is licensed under CC BY-NC-SA 2.0. To view a copy of this license, visit https://creativecommons.org/licenses/by-nc-sa/2.0/.",69618,downloaded,
jNj4z1PT2sbJXdcnsNi4,Peppered Snail,Peppered Snail,migrations\images\jNj4z1PT2sbJXdcnsNi4_peppered_snail.jpg,https://live.staticflickr.com/2353/2124487895_2c2d3882fe_b.jpg,https://api.openverse.org/v1/images/6ab7032f-81ed-400a-94ee-6b46624c32a9/thumb/,flickr,"Peppered Snails and Stockfish restaurant sign, Hackney, London, UK.JPG",gruntzooki,by-sa,"""Peppered Snails and Stockfish restaurant sign, Hackney, London, UK.JPG"" by gruntzooki is licensed under CC BY-SA 2.0. To view a copy of this license, visit https://creativecommons.org/licenses/by-sa/2.0/.",196952,downloaded,
jONbiiOqOaKSaCjyiuDh,Chakhchoukha,,,,,,,,,,,no_match,
jbYaci5mleSuEBqvFwrw,Baghrir,Baghrir,migrations\images\jbYaci5mleSuEBqvFwrw_baghrir.jpg,https://live.staticflickr.com/1601/23888659084_d61951c8cd_b.jpg,https://api.openverse.org/v1/images/0358aad2-372b-4db3-a043-a9c5ce5628b2/thumb/,flickr,baghrir (moroccan pancake),kdale,by-nc-nd,"""baghrir (moroccan pancake)"" by kdale is licensed under CC BY-NC-ND 2.0. To view a copy of this license, visit https://creativecommons.org/licenses/by-nc-nd/2.0/.",223851,downloaded,
jlTRkHRG6RmWYJCOEXBl,Kondowole (Cassava Nsima),Kondowole,migrations\images\jlTRkHRG6RmWYJCOEXBl_kondowole_cassava_nsima.jpg,https://live.staticflickr.com/5463/8798900214_8ef6d5a057_b.jpg,https://api.openverse.org/v1/images/c2586a19-c951-43a5-9604-9464903bc9da/thumb/,flickr,Farmer demonstrates how to make fermented cassava flour in Malawi,IITA Image Library,by-nc-sa,"""Farmer demonstrates how to make fermented cassava flour in Malawi"" by IITA Image Library is licensed under CC BY-NC-SA 2.0. To view a copy of this license, visit https://creativecommons.org/licenses/by-nc-sa/2.0/.",181101,downloaded,
jxpfS2J6y19ZvEIB8n9d,Rolex (Chapati Egg Roll),Rolex,migrations\images\jxpfS2J6y19ZvEIB8n9d_rolex_chapati_egg_roll.jpg,https://live.staticflickr.com/3147/3030723698_6881f92805_b.jpg,https://api.openverse.org/v1/images/2ce72209-c3a2-4d77-bf11-264adb4382ad/thumb/,flickr,Rolex,txinkman,by-nc,"""Rolex"" by txinkman is licensed under CC BY-NC 2.0. To view a copy of this license, visit https://creativecommons.org/licenses/by-nc/2.0/.",178467,downloaded,
jzxgxVeMdFgmR5kmB4Ir,Calulu de Peixe,,,,,,,,,,,no_match,
kUDYjfPYUOYm2tsMInqs,Benachin (One-Pot Rice),Benachin,migrations\images\kUDYjfPYUOYm2tsMInqs_benachin_one_pot_rice.jpg,https://live.staticflickr.com/4042/4525567139_572aa0643e_b.jpg,https://api.openverse.org/v1/images/9bb0f216-3816-4de5-a8d9-a0823497c83d/thumb/,flickr,Colorful Benachin,Carmen Cham,by-nc-sa,"""Colorful Benachin"" by Carmen Cham is licensed under CC BY-NC-SA 2.0. To view a copy of this license, visit https://creativecommons.org/licenses/by-nc-sa/2.0/.",295302,downloaded,
kUsKPKg340P2KsrxCYRE,Alloco (Fried Plantain),Alloco,migrations\images\kUsKPKg340P2KsrxCYRE_alloco_fried_plantain.jpg,https://live.staticflickr.com/652/32108704275_a4a2183c1f_b.jpg,https://api.openverse.org/v1/images/ca3bede9-7c93-4758-9836-3bc977ba2b5e/thumb/,flickr,Déjeuner classique chez Nadiath au @patio229 ce midi après avoir parcouru #Cotonou à la recherche vainement du foutou banane. Spécial merci Au Tout puissant @limmortelferry ✌bro. @pkumako I see you... #Riz #tilapia #alloco #Bénin #wasexo #Team229,Seigla,by-nc-nd,"""Déjeuner classique chez Nadiath au @patio229 ce midi après avoir parcouru #Cotonou à la recherche vainement du foutou banane. Spécial merci Au Tout puissant @limmortelferry ✌bro. @pkumako I see you... #Riz #tilapia #alloco #Bénin #wasexo #Team229"" by Seigla is licensed under CC BY-NC-ND 2.0. To view a copy of this license, visit https://creativecommons.org/licenses/by-nc-nd/2.0/.",284164,downloaded,
kc2ENBBbh4Kad9l7m6yp,Koshari,Koshari,migrations\images\kc2ENBBbh4Kad9l7m6yp_koshari.jpg,https://live.staticflickr.com/4097/4877334715_51241dfc85_b.jpg,https://api.openverse.org/v1/images/d88cf2c1-3be3-40d8-8822-7f09e5ef8dc8/thumb/,flickr,Koshari,goblinbox_(queen_of_ad_hoc_bento),by,"""Koshari"" by goblinbox_(queen_of_ad_hoc_bento) is licensed under CC BY 2.0. To view a copy of this license, visit https://creativecommons.org/licenses/by/2.0/.",92287,downloaded,
kl3zwhqzfeINK8kJ26kK,Bobotie,Bobotie,migrations\images\kl3zwhqzfeINK8kJ26kK_bobotie.jpg,https://live.staticflickr.com/3039/2890671499_733b807ea5_b.jpg,https://api.openverse.org/v1/images/a9c918e3-0310-4591-a969-6c1175e4b28c/thumb/,flickr,Bobotie,WyldKyss,by-nc-nd,"""Bobotie"" by WyldKyss is licensed under CC BY-NC-ND 2.0. To view a copy of this license, visit https://creativecommons.org/licenses/by-nc-nd/2.0/.",235724,downloaded,
l52il8Va4mUQleLDqTK0,Taamiya (Egyptian Falafel),Taamiya,migrations\images\l52il8Va4mUQleLDqTK0_taamiya_egyptian_falafel.jpg,https://live.staticflickr.com/2802/4357392062_9220310542_b.jpg,https://api.openverse.org/v1/images/0817583b-ce60-4610-9846-892b2128a81c/thumb/,flickr,taamiya,h-bomb,by-nc-sa,"""taamiya"" by h-bomb is licensed under CC BY-NC-SA 2.0. To view a copy of this license, visit https://creativecommons.org/licenses/by-nc-sa/2.0/.",47280,downloaded,
lF90DKG7z7MNumS8cjxS,Mukimo,Mukimo,migrations\images\lF90DKG7z7MNumS8cjxS_mukimo.jpg,https://live.staticflickr.com/7403/16407456249_7c26160730.jpg,https://api.openverse.org/v1/images/6c949691-b72e-4b19-8c96-114f81172827/thumb/,flickr,Kenyan cooking class with Ruth! We made mukimo and matoke. #nom #Kenya #Daraja,Plu_Plu,by-nc-sa,"""Kenyan cooking class with Ruth! We made mukimo and matoke. #nom #Kenya #Daraja"" by Plu_Plu is licensed under CC BY-NC-SA 2.0. To view a copy of this license, visit https://creativecommons.org/licenses/by-nc-sa/2.0/.",99409,downloaded,
lFQTlc72eubZEjl5UoWf,Boli (Roasted Plantain),Boli,migrations\images\lFQTlc72eubZEjl5UoWf_boli_roasted_plantain.jpg,https://live.staticflickr.com/3082/2661556794_74a779c3d8_b.jpg,https://api.openverse.org/v1/images/4a83e383-d937-4d5b-859e-05ba9c7b4485/thumb/,flickr,Felek: I have a headache ! Felek: Boli mnie głowa !,Jarosław Pocztarski,by,"""Felek: I have a headache ! Felek: Boli mnie głowa !"" by Jarosław Pocztarski is licensed under CC BY 2.0. To view a copy of this license, visit https://creativecommons.org/licenses/by/2.0/.",176706,downloaded,
lHuG0CcilO7k2HA66a64,Asida (Libyan),Asida,migrations\images\lHuG0CcilO7k2HA66a64_asida_libyan.jpg,https://inaturalist-open-data.s3.amazonaws.com/photos/342513354/original.jpeg,https://api.openverse.org/v1/images/36353253-3f94-486f-9155-147814c5f512/thumb/,inaturalist,Asida sabulosa sabulosa,Felix Riegel,by-nc,"""Asida sabulosa sabulosa"" by Felix Riegel is licensed under CC BY-NC 4.0. To view a copy of this license, visit http://creativecommons.org/licenses/by-nc/4.0/.",852423,downloaded,
lfyPINKMAG2VFswPkd4v,Sadza and Muriwo,Sadza and Muriwo,migrations\images\lfyPINKMAG2VFswPkd4v_sadza_and_muriwo.jpg,https://live.staticflickr.com/2548/3994527093_bf05e4c5c6_b.jpg,https://api.openverse.org/v1/images/85d93b5d-7b44-4d17-85a2-d82e2d917ff8/thumb/,flickr,Zimbabwe October 2009,bbcworldservice,by-nc,"""Zimbabwe October 2009"" by bbcworldservice is licensed under CC BY-NC 2.0. To view a copy of this license, visit https://creativecommons.org/licenses/by-nc/2.0/.",169580,downloaded,
liIOKmsQcF5FskZVu2al,Groundnut Sauce (Uganda),Groundnut Sauce,migrations\images\liIOKmsQcF5FskZVu2al_groundnut_sauce_uganda.jpg,https://live.staticflickr.com/8182/7949238258_952a3427fb.jpg,https://api.openverse.org/v1/images/362bf771-3610-4ef6-a25d-177461720c68/thumb/,flickr,Groundnut sauce paste - bagged and ready to go. Fancy a big bag?,10b travelling / Carsten ten Brink,by-nc-nd,"""Groundnut sauce paste - bagged and ready to go. Fancy a big bag?"" by 10b travelling / Carsten ten Brink is licensed under CC BY-NC-ND 2.0. To view a copy of this license, visit https://creativecommons.org/licenses/by-nc-nd/2.0/.",73418,downloaded,
loPEVzmEREFADJTCmb7E,Ghanaian Fried Rice,Ghanaian Fried Rice,migrations\images\loPEVzmEREFADJTCmb7E_ghanaian_fried_rice.jpg,https://live.staticflickr.com/5286/5328662817_2e07d471af_b.jpg,https://api.openverse.org/v1/images/0cba6a27-53ce-40f8-9052-6c610fbcd54d/thumb/,flickr,Dinner~,Remember Sandy,by-nc-nd,"""Dinner~"" by Remember Sandy is licensed under CC BY-NC-ND 2.0. To view a copy of this license, visit https://creativecommons.org/licenses/by-nc-nd/2.0/.",95845,downloaded,
mEbH4Lnczu3dbZtYbhrB,Koshari,Koshari,migrations\images\mEbH4Lnczu3dbZtYbhrB_koshari.jpg,https://live.staticflickr.com/4097/4877334715_51241dfc85_b.jpg,https://api.openverse.org/v1/images/d88cf2c1-3be3-40d8-8822-7f09e5ef8dc8/thumb/,flickr,Koshari,goblinbox_(queen_of_ad_hoc_bento),by,"""Koshari"" by goblinbox_(queen_of_ad_hoc_bento) is licensed under CC BY 2.0. To view a copy of this license, visit https://creativecommons.org/licenses/by/2.0/.",92287,downloaded,
mH8NmiblLX22qNZobzLK,Injera and Firfir,Injera and Firfir,migrations\images\mH8NmiblLX22qNZobzLK_injera_and_firfir.jpg,https://live.staticflickr.com/8044/8128463169_89dce85750_b.jpg,https://api.openverse.org/v1/images/ff5d4f86-b167-4f3a-a70e-89729c6f949e/thumb/,flickr,Injera and Firfir,mario_ruckh,by-nc-sa,"""Injera and Firfir"" by mario_ruckh is licensed under CC BY-NC-SA 2.0. To view a copy of this license, visit https://creativecommons.org/licenses/by-nc-sa/2.0/.",136630,downloaded,
mLJkVSqI6FSGVXnkKMP7,Caldo de Mancarra,,,,,,,,,,,no_match,
mQuNI0IWXG764Gcetn0Z,Caril de Camarão,Caril de Camarão,migrations\images\mQuNI0IWXG764Gcetn0Z_caril_de_camar_o.jpg,https://live.staticflickr.com/4090/5028842817_4140b7811b_b.jpg,https://api.openverse.org/v1/images/647613dd-a92e-4afe-b7e9-0cfa7554904f/thumb/,flickr,Curso de cozinha com Augusto Gemellli: Caril de arroz aromático com camarão,magnacasta,by-nc-sa,"""Curso de cozinha com Augusto Gemellli: Caril de arroz aromático com camarão"" by magnacasta is licensed under CC BY-NC-SA 2.0. To view a copy of this license, visit https://creativecommons.org/licenses/by-nc-sa/2.0/.",130801,downloaded,
mRmADv2SW59dQX5EEQEt,Rougaille (Tomato Creole),Rougaille,migrations\images\mRmADv2SW59dQX5EEQEt_rougaille_tomato_creole.jpg,https://live.staticflickr.com/593/20837814360_30e3f35ac7_b.jpg,https://api.openverse.org/v1/images/d62f6c7b-a7b5-499c-a11c-c295b4f7ceae/thumb/,flickr,Rougail saucisse,tetue,by-sa,"""Rougail saucisse"" by tetue is licensed under CC BY-SA 2.0. To view a copy of this license, visit https://creativecommons.org/licenses/by-sa/2.0/.",149848,downloaded,
mobWRPUdNEBY1gZpCy1k,Abacha (African Salad),Abacha,migrations\images\mobWRPUdNEBY1gZpCy1k_abacha_african_salad.jpg,https://live.staticflickr.com/3566/3803389601_84a2fc534b_b.jpg,https://api.openverse.org/v1/images/788fe0fe-cee0-414d-86e3-50bd9caa4059/thumb/,flickr,Toe Crusher Concrete Curb at Abacha Barracks Fish Market,Wayan Vota,by-nc-sa,"""Toe Crusher Concrete Curb at Abacha Barracks Fish Market"" by Wayan Vota is licensed under CC BY-NC-SA 2.0. To view a copy of this license, visit https://creativecommons.org/licenses/by-nc-sa/2.0/.",161360,downloaded,
n0mf4yZ6LihpiD65ztO2,Kesra (bread),Kesra,migrations\images\n0mf4yZ6LihpiD65ztO2_kesra_bread.jpg,https://live.staticflickr.com/8112/8562319890_cd089695a6_b.jpg,https://api.openverse.org/v1/images/69c4a60e-c014-4555-a15d-1a88f92684b1/thumb/,flickr,Kesra and Makther,abir arous,by-sa,"""Kesra and Makther"" by abir arous is licensed under CC BY-SA 2.0. To view a copy of this license, visit https://creativecommons.org/licenses/by-sa/2.0/.",266715,downloaded,
n2NYj1Kl7iXBC7oS7AGS,Ndolé and Plantain,,,,,,,,,,,no_match,
nCPPLiLT05GC8GyQsyo3,Canjeero (Somali Pancake),,,,,,,,,,,no_match,
nDR83yeiJYdWhe36VLQu,Pilau (Kenyan Spiced Rice),Pilau,migrations\images\nDR83yeiJYdWhe36VLQu_pilau_kenyan_spiced_rice.jpg,https://live.staticflickr.com/1424/608627954_b33407aaf3_b.jpg,https://api.openverse.org/v1/images/ea553163-f29a-4ce2-8432-7d14ee1ce86d/thumb/,flickr,"Goat Korma, Butter Chicken, Cabbage Stir-fry with Pilau Rice and Teh Tarik - Cafe Zam Zam",avlxyz,by-sa,"""Goat Korma, Butter Chicken, Cabbage Stir-fry with Pilau Rice and Teh Tarik - Cafe Zam Zam"" by avlxyz is licensed under CC BY-SA 2.0. To view a copy of this license, visit https://creativecommons.org/licenses/by-sa/2.0/.",162148,downloaded,
nFPC3fkq7mhts412ObGA,Harira,Harira,migrations\images\nFPC3fkq7mhts412ObGA_harira.jpg,https://live.staticflickr.com/2503/3883532813_45979e7a4b_b.jpg,https://api.openverse.org/v1/images/49c718b3-3191-4f4d-8b1c-89174ef1f55a/thumb/,flickr,Harira,rofi,by-nc-sa,"""Harira"" by rofi is licensed under CC BY-NC-SA 2.0. To view a copy of this license, visit https://creativecommons.org/licenses/by-nc-sa/2.0/.",214538,downloaded,
nQHP6B5KnPegVz9RncAx,Beans & Plantain (Ewa & Dodo),Beans & Plantain,migrations\images\nQHP6B5KnPegVz9RncAx_beans_plantain_ewa_dodo.jpg,https://live.staticflickr.com/586/20626342708_b50ae69cf2_b.jpg,https://api.openverse.org/v1/images/4d59d5b0-cfe7-4b9a-ba32-ee48c033c4a3/thumb/,flickr,"The classic meal - rice & beans, plantains, and fried cheese. #nicaragua #food #onmyplate #breakfast #basics #instafood #yourmovement #photooftheday #summer #travel",Lon2000,by-nc-sa,"""The classic meal - rice & beans, plantains, and fried cheese. #nicaragua #food #onmyplate #breakfast #basics #instafood #yourmovement #photooftheday #summer #travel"" by Lon2000 is licensed under CC BY-NC-SA 2.0. To view a copy of this license, visit https://creativecommons.org/licenses/by-nc-sa/2.0/.",249705,downloaded,
nrRTBdelzPtipSQlSRrV,Ogbono Soup,Ogbono Soup,migrations\images\nrRTBdelzPtipSQlSRrV_ogbono_soup.jpg,https://live.staticflickr.com/3289/3075604643_7b9a1c8d6f_b.jpg,https://api.openverse.org/v1/images/d8a5f40f-fa09-40e9-9365-81eb80a82064/thumb/,flickr,Fish ogbono soup with eba,HC's Foodventure,by-nc,"""Fish ogbono soup with eba"" by HC's Foodventure is licensed under CC BY-NC 2.0. To view a copy of this license, visit https://creativecommons.org/licenses/by-nc/2.0/.",199039,downloaded,
o0HBxJI76Mhque5X41cW,Bread & Egg,Bread & Egg,migrations\images\o0HBxJI76Mhque5X41cW_bread_egg.jpg,https://live.staticflickr.com/65535/49840382997_b1b831918e_b.jpg,https://api.openverse.org/v1/images/6f117df6-f080-4feb-b493-5e7a8cd3771b/thumb/,flickr,"In A Josef Sudek State Of Mind (Bread, Egg and Glass, ca. 2020)",pni,by-nc-sa,"""In A Josef Sudek State Of Mind (Bread, Egg and Glass, ca. 2020)"" by pni is licensed under CC BY-NC-SA 2.0. To view a copy of this license, visit https://creativecommons.org/licenses/by-nc-sa/2.0/.",131689,downloaded,
omU6xNl1HXNrWwyjouYO,Kapana (Street Meat),Kapana,migrations\images\omU6xNl1HXNrWwyjouYO_kapana_street_meat.jpg,https://live.staticflickr.com/1641/26277703535_ddb08327fc_b.jpg,https://api.openverse.org/v1/images/0a84841a-1b97-4ae6-b44b-a5e14eb7a91f/thumb/,flickr,"Nedir dünyayı bukadar acıklı bir yer yapan? Kötü insanlat mı yoksa kötülük yapılırken susanlar mı? Nedir paylaşamadığımız 100 yıl bile nefes alamayacağımız bir dünyada? Hiç acındırma olmadan, sadece gezenin üzerinde baskı oluşturarak, huzursuzluğu, kapana",Let's GoDown.town!,by-nc-sa,"""Nedir dünyayı bukadar acıklı bir yer yapan? Kötü insanlat mı yoksa kötülük yapılırken susanlar mı? Nedir paylaşamadığımız 100 yıl bile nefes alamayacağımız bir dünyada? Hiç acındırma olmadan, sadece gezenin üzerinde baskı oluşturarak, huzursuzluğu, kapana"" by Let's GoDown.town! is licensed under CC BY-NC-SA 2.0. To view a copy of this license, visit https://creativecommons.org/licenses/by-nc-sa/2.0/.",170462,downloaded,
pQjzRuSIln2CDen1nfch,Garri and Groundnut,,,,,,,,,,,no_match,
puKlZgyaaBuj0PEb4YJS,Miyan Taushe (Pumpkin Soup),,,,,,,,,,,no_match,
qGtoC0necVKZM4aphiFW,Langouste à la Vanille,,,,,,,,,,,no_match,
qTcT5sTVbkuJ3tsXO06X,Makemba (Fried Plantain),Makemba,migrations\images\qTcT5sTVbkuJ3tsXO06X_makemba_fried_plantain.jpg,https://live.staticflickr.com/358/20117950395_4037c59c3c_b.jpg,https://api.openverse.org/v1/images/0d8762b2-d013-465d-b122-d1b9ce50d525/thumb/,flickr,M A K E M B A #africanfood #food #foodporn #rdc #243 #makemba #plantin,kaysha,by-nc-nd,"""M A K E M B A #africanfood #food #foodporn #rdc #243 #makemba #plantin"" by kaysha is licensed under CC BY-NC-ND 2.0. To view a copy of this license, visit https://creativecommons.org/licenses/by-nc-nd/2.0/.",290929,downloaded,
r3eZTWaDTVP5uVyzCYS4,Ojja (Tunisian Shakshuka),,,,,,,,,,,no_match,
rDYjJ8HFvi7xGfXgKMux,Isombe,Isombe,migrations\images\rDYjJ8HFvi7xGfXgKMux_isombe.jpg,https://inaturalist-open-data.s3.amazonaws.com/photos/391025409/original.jpg,https://api.openverse.org/v1/images/751c3f21-1067-4278-a700-d405a367a334/thumb/,inaturalist,"emale, eyisombi, igihoro, ishonzi, isombe, kambale, malagarazi, mokkakonnamonni, nduri, nsonzi, sagkobaber, smooth-head catfish, smoothhead catfish, tukpe, umugorora, umukubengeri, 裸头胡鲶, 裸頭鬍鯰",Gina Walsh,by-nc,"""emale, eyisombi, igihoro, ishonzi, isombe, kambale, malagarazi, mokkakonnamonni, nduri, nsonzi, sagkobaber, smooth-head catfish, smoothhead catfish, tukpe, umugorora, umukubengeri, 裸头胡鲶, 裸頭鬍鯰"" by Gina Walsh is licensed under CC BY-NC 4.0. To view a copy of this license, visit http://creativecommons.org/licenses/by-nc/4.0/.",334123,downloaded,
rPbsLhn9ncikUWwUJ9kT,Beans & Plantain (Burundi Style),Beans & Plantain,migrations\images\rPbsLhn9ncikUWwUJ9kT_beans_plantain_burundi_style.jpg,https://live.staticflickr.com/586/20626342708_b50ae69cf2_b.jpg,https://api.openverse.org/v1/images/4d59d5b0-cfe7-4b9a-ba32-ee48c033c4a3/thumb/,flickr,"The classic meal - rice & beans, plantains, and fried cheese. #nicaragua #food #onmyplate #breakfast #basics #instafood #yourmovement #photooftheday #summer #travel",Lon2000,by-nc-sa,"""The classic meal - rice & beans, plantains, and fried cheese. #nicaragua #food #onmyplate #breakfast #basics #instafood #yourmovement #photooftheday #summer #travel"" by Lon2000 is licensed under CC BY-NC-SA 2.0. To view a copy of this license, visit https://creativecommons.org/licenses/by-nc-sa/2.0/.",249705,downloaded,
rxJfLTvvjoWtxPDKwLtG,Dholl Puri,Dholl Puri,migrations\images\rxJfLTvvjoWtxPDKwLtG_dholl_puri.jpg,https://live.staticflickr.com/3219/2985529151_310f4353bf_b.jpg,https://api.openverse.org/v1/images/3439c886-2f04-4626-a92f-de95c0c99931/thumb/,flickr,Dholl Puri et Roti so speciale,duncan,by-nc,"""Dholl Puri et Roti so speciale"" by duncan is licensed under CC BY-NC 2.0. To view a copy of this license, visit https://creativecommons.org/licenses/by-nc/2.0/.",247481,downloaded,
sB4wXH3isaxm6hNkAQwT,Chapati and Beans,Chapati and Beans,migrations\images\sB4wXH3isaxm6hNkAQwT_chapati_and_beans.jpg,https://pd.w.org/2025/06/19685fe83abea200.05044497-2048x1538.jpg,https://api.openverse.org/v1/images/fe636cc6-a962-4b1d-b478-d164572ba3ec/thumb/,wordpress,"A delicious plate of Kenyan chapati, savory beans, and sautéed greens, beautifully arranged on a white plate.",Norman Mithika,cc0,"""A delicious plate of Kenyan chapati, savory beans, and sautéed greens, beautifully arranged on a white plate."" by Norman Mithika is marked with CC0 1.0. To view the terms, visit https://creativecommons.org/publicdomain/zero/1.0/.",360848,downloaded,
sMqU97r2Q5CXPKnZqhhu,Vetkoek and Mince,,,,,,,,,,,no_match,
sQfBx0QtYlD6k8T9X77A,Kenkey & Fried Fish,Kenkey & Fried Fish,migrations\images\sQfBx0QtYlD6k8T9X77A_kenkey_fried_fish.jpg,https://live.staticflickr.com/7518/15787739565_41c1109b08_b.jpg,https://api.openverse.org/v1/images/6ae3bb23-f2aa-4aa4-a3ed-a62f8dee23a1/thumb/,flickr,Ga Kenkey and Fried Fish - Breakfast in Ghana,PapJeff,by-nc,"""Ga Kenkey and Fried Fish - Breakfast in Ghana"" by PapJeff is licensed under CC BY-NC 2.0. To view a copy of this license, visit https://creativecommons.org/licenses/by-nc/2.0/.",152002,downloaded,
sRR9GDhVChQbKXRUAKpZ,"Pap, Wors, and Chakalaka",,,,,,,,,,,no_match,
sW7Tma1Vgt63f7FZiDaf,Native Jollof (Iwuk Edesi),,,,,,,,,,,no_match,
t9iZNVdK9SsokuFKd7zZ,Rfissa,Rfissa,migrations\images\t9iZNVdK9SsokuFKd7zZ_rfissa.jpg,https://live.staticflickr.com/454/20110756839_c68705420d_b.jpg,https://api.openverse.org/v1/images/bc921afd-d367-4c26-bd29-1e43db142327/thumb/,flickr,"#Yummy Rfissa: One of my #Moroccan favorite dish It is traditionally served with chicken and lentils and fenugreek seeds (helba in Arabic), msemmen, meloui or day-old bread #food #foodies #foodforfoodies #instafood #instagood #Morocco #foodporn #foodpics",Hicham Souilmi,by-nd,"""#Yummy Rfissa: One of my #Moroccan favorite dish It is traditionally served with chicken and lentils and fenugreek seeds (helba in Arabic), msemmen, meloui or day-old bread #food #foodies #foodforfoodies #instafood #instagood #Morocco #foodporn #foodpics"" by Hicham Souilmi is licensed under CC BY-ND 2.0. To view a copy of this license, visit https://creativecommons.org/licenses/by-nd/2.0/.",295346,downloaded,
tJPrgint4TtslVqh758o,Ângu de Banana,,,,,,,,,,,no_match,
tYp7zu03c5gTxdbfdssd,Madora (Mopane Worms),Madora,migrations\images\tYp7zu03c5gTxdbfdssd_madora_mopane_worms.jpg,https://live.staticflickr.com/3344/3566187224_0c1c2594d0_b.jpg,https://api.openverse.org/v1/images/d09f8da7-073f-4bcb-b19e-9420de15b08e/thumb/,flickr,madora fite - i love this name.jpg,Jo Naylor,by,"""madora fite - i love this name.jpg"" by Jo Naylor is licensed under CC BY 2.0. To view a copy of this license, visit https://creativecommons.org/licenses/by/2.0/.",397757,downloaded,
tlEUsHjGC1jraly6ImiW,Thiéboudienne,Thiéboudienne,migrations\images\tlEUsHjGC1jraly6ImiW_thi_boudienne.jpg,https://live.staticflickr.com/873/39470144420_f0fb6e48fd_b.jpg,https://api.openverse.org/v1/images/f86ecb1e-af34-4fbe-97d0-fb873e8ad8a6/thumb/,flickr,GOPR3113,Samenargentine,by-nc-sa,"""GOPR3113"" by Samenargentine is licensed under CC BY-NC-SA 2.0. To view a copy of this license, visit https://creativecommons.org/licenses/by-nc-sa/2.0/.",211489,downloaded,
tvVAFR5aQsl76BiIaG1F,Sadza ne Nyama,,,,,,,,,,,no_match,
tz01CCGXuFryWSummVNu,Okro Soup (Ila Asepo),Okro Soup,migrations\images\tz01CCGXuFryWSummVNu_okro_soup_ila_asepo.jpg,https://live.staticflickr.com/5221/5611950239_efd12b9ee6_b.jpg,https://api.openverse.org/v1/images/37cbc73a-fa2f-4750-8421-b529b92cee41/thumb/,flickr,"Chicken and rice, fufu with light soup and fish, banku with okro stew",benketaro,by,"""Chicken and rice, fufu with light soup and fish, banku with okro stew"" by benketaro is licensed under CC BY 2.0. To view a copy of this license, visit https://creativecommons.org/licenses/by/2.0/.",168867,downloaded,
u1aBwHLajyzeT1tF36uw,Malawah,Malawah,migrations\images\u1aBwHLajyzeT1tF36uw_malawah.jpg,https://live.staticflickr.com/65535/52966974394_d33fe31b24_b.jpg,https://api.openverse.org/v1/images/6bb2127b-5283-4e8e-b336-56056780dca6/thumb/,flickr,FABULOUS Yemeni food!,young shanahan,by,"""FABULOUS Yemeni food!"" by young shanahan is licensed under CC BY 2.0. To view a copy of this license, visit https://creativecommons.org/licenses/by/2.0/.",167236,downloaded,
u3VlTIRDhGQiSy3ZICKV,Githeri,Githeri,migrations\images\u3VlTIRDhGQiSy3ZICKV_githeri.jpg,https://live.staticflickr.com/5169/5261343468_fe58168a0b_b.jpg,https://api.openverse.org/v1/images/613720d7-c2c6-48df-b8f3-f42dba83b43a/thumb/,flickr,"Tasting githeri made with quality protein maize (QPM) at farmer field day, Embu, Kenya",CIMMYT,by-nc-sa,"""Tasting githeri made with quality protein maize (QPM) at farmer field day, Embu, Kenya"" by CIMMYT is licensed under CC BY-NC-SA 2.0. To view a copy of this license, visit https://creativecommons.org/licenses/by-nc-sa/2.0/.",173713,downloaded,
uE4i9WX2dE1EyMiFv4pz,Umngqusho (Samp and Beans),Umngqusho,migrations\images\uE4i9WX2dE1EyMiFv4pz_umngqusho_samp_and_beans.jpg,https://live.staticflickr.com/4103/5182202725_41c1d57850_b.jpg,https://api.openverse.org/v1/images/87712a8a-fb8e-4fa0-8bc6-ab1499be2ed7/thumb/,flickr,Samp and Beans,Jon Mountjoy,by,"""Samp and Beans"" by Jon Mountjoy is licensed under CC BY 2.0. To view a copy of this license, visit https://creativecommons.org/licenses/by/2.0/.",138745,downloaded,
uOoeR5RFCuLqxwVTVEk4,Asaro (food),Asaro,migrations\images\uOoeR5RFCuLqxwVTVEk4_asaro_food.jpg,https://live.staticflickr.com/1364/1391465259_2c31c1561f_b.jpg,https://api.openverse.org/v1/images/2a9f6102-762d-4076-89cc-e6ffb51fa8f2/thumb/,flickr,Asaro guys,kahunapulej,by-nc-sa,"""Asaro guys"" by kahunapulej is licensed under CC BY-NC-SA 2.0. To view a copy of this license, visit https://creativecommons.org/licenses/by-nc-sa/2.0/.",341505,downloaded,
uVWOD2kHku5WNVW0qp1w,Ekuru with Stew,,,,,,,,,,,no_match,
ub8MYfTwR7ucMkpi42Vy,Moambe Chicken (Poulet Moambe),Moambe Chicken,migrations\images\ub8MYfTwR7ucMkpi42Vy_moambe_chicken_poulet_moambe.jpg,https://live.staticflickr.com/2903/14792587921_ae3d09c3ca_b.jpg,https://api.openverse.org/v1/images/2b101f3d-8af8-4756-aee2-c24f25ed789c/thumb/,flickr,IMGP0005,Fan Majie 範瑪姐,by,"""IMGP0005"" by Fan Majie 範瑪姐 is licensed under CC BY 2.0. To view a copy of this license, visit https://creativecommons.org/licenses/by/2.0/.",193515,downloaded,
ueqz5cAgfeH0wIv18RDT,Chorba Frik (Freekeh Soup),,,,,,,,,,,no_match,
uotvRvjVs561CLIr8D0q,Skoudehkaris (Djibouti Spiced Rice),,,,,,,,,,,no_match,
usMr4Ds1vHbVreB2aZ3C,Kitfo (Ethiopian Steak Tartare),Kitfo,migrations\images\usMr4Ds1vHbVreB2aZ3C_kitfo_ethiopian_steak_tartare.jpg,https://live.staticflickr.com/6125/6018016772_cdabc00dab_b.jpg,https://api.openverse.org/v1/images/47dff995-7bb3-4ba5-a4d2-fbd7b7bd363f/thumb/,flickr,Injera and Kitfo,msafari2425,by,"""Injera and Kitfo"" by msafari2425 is licensed under CC BY 2.0. To view a copy of this license, visit https://creativecommons.org/licenses/by/2.0/.",132286,downloaded,
uwiHl0UV2YwXydhe7ZqZ,Eru Soup,,,,,,,,,,,no_match,
uyBkHld5StVNJrIm61JL,Ugali and Nyama Choma,Ugali and Nyama Choma,migrations\images\uyBkHld5StVNJrIm61JL_ugali_and_nyama_choma.jpg,https://live.staticflickr.com/3673/13146772915_1e9f700a6e.jpg,https://api.openverse.org/v1/images/29ba9dbc-1e68-4c5b-9907-26b1cee748d1/thumb/,flickr,"Traditional Nyama Choma dish, a Kenyan favorite w/ Mukimu instead of Ugali #TechShareAfrica #ANU #ONU #Nairobi",danboarder,by,"""Traditional Nyama Choma dish, a Kenyan favorite w/ Mukimu instead of Ugali #TechShareAfrica #ANU #ONU #Nairobi"" by danboarder is licensed under CC BY 2.0. To view a copy of this license, visit https://creativecommons.org/licenses/by/2.0/.",72548,downloaded,
uyN4mma8i4Tqc4kvqLW8,Yam Porridge (Asaro),Yam Porridge,migrations\images\uyN4mma8i4Tqc4kvqLW8_yam_porridge_asaro.jpg,https://live.staticflickr.com/1147/847879719_233db14229_b.jpg,https://api.openverse.org/v1/images/aa1a7147-99dd-4745-91da-5d04cbb110dc/thumb/,flickr,"raw tuna, raw egg on yam porridge",INCITE,by-sa,"""raw tuna, raw egg on yam porridge"" by INCITE is licensed under CC BY-SA 2.0. To view a copy of this license, visit https://creativecommons.org/licenses/by-sa/2.0/.",289624,downloaded,
vIYyuYiy2S8LYvP3mFel,Oshifima with Omagungu,,,,,,,,,,,no_match,
vLQHUOqVtRKl1dxm76IW,Papa (Lesotho Porridge),Papa,migrations\images\vLQHUOqVtRKl1dxm76IW_papa_lesotho_porridge.jpg,https://live.staticflickr.com/8572/16487101176_0a0632c0d8_b.jpg,https://api.openverse.org/v1/images/4f95f5b9-2081-49d1-898f-76fe1c8f013e/thumb/,flickr,Sportive papa.,ЯAFIK ♋ BERLIN,by-nc-sa,"""Sportive papa."" by ЯAFIK ♋ BERLIN is licensed under CC BY-NC-SA 2.0. To view a copy of this license, visit https://creativecommons.org/licenses/by-nc-sa/2.0/.",179785,downloaded,
vQuz9ShJOW8oEiXAQ52y,Kuli-kuli,Kuli-kuli,migrations\images\vQuz9ShJOW8oEiXAQ52y_kuli_kuli.jpg,https://live.staticflickr.com/2618/3932352761_0e516ff54a.jpg,https://api.openverse.org/v1/images/c8601684-0f51-4145-87da-1dae59169d31/thumb/,flickr,Kuli Kuli,RWampers,by-nc-sa,"""Kuli Kuli"" by RWampers is licensed under CC BY-NC-SA 2.0. To view a copy of this license, visit https://creativecommons.org/licenses/by-nc-sa/2.0/.",62976,downloaded,
vWLiLUL1NiS9vKIsLuDr,Kissar (Chadian Crêpe),Kissar,migrations\images\vWLiLUL1NiS9vKIsLuDr_kissar_chadian_cr_pe.webp,https://images.rawpixel.com/editor_1024/cHJpdmF0ZS9zdGF0aWMvZmlsZXMvd2Vic2l0ZS8yMDIyLTA5L21ldDUwMTE1OS1pbWFnZS5qcGc.jpg,https://api.openverse.org/v1/images/5a9e30ef-d8e0-4b17-abfb-161781457a01/thumb/,rawpixel,Kissar,themet,cc0,"""Kissar"" by themet is marked with CC0 1.0. To view the terms, visit https://creativecommons.org/publicdomain/zero/1.0/.",103292,downloaded,
vWfnXOx6W74zJxpvleef,Chinchinga (Ghanaian Kebab),,,,,,,,,,,no_match,
vdsoRnGIyNM0hO1oIHtE,Thiéré (Couscous Sénégalais),Thiéré,migrations\images\vdsoRnGIyNM0hO1oIHtE_thi_r_couscous_s_n_galais.jpg,https://live.staticflickr.com/1310/4731665470_81dd648e19_b.jpg,https://api.openverse.org/v1/images/beb66cfd-5116-4770-ba3f-afb4954f85c4/thumb/,flickr,Passage Thiéré,Groume,by-sa,"""Passage Thiéré"" by Groume is licensed under CC BY-SA 2.0. To view a copy of this license, visit https://creativecommons.org/licenses/by-sa/2.0/.",141059,downloaded,
vmUjHv52u8yAQadSLKhn,Mahdjouba,Mahdjouba,migrations\images\vmUjHv52u8yAQadSLKhn_mahdjouba.jpg,https://live.staticflickr.com/3101/3151490034_4cf7c51834.jpg,https://api.openverse.org/v1/images/a7260055-3c10-477a-bd7a-2802c5c76e51/thumb/,flickr,mahdjouba,samisabi,by,"""mahdjouba"" by samisabi is licensed under CC BY 2.0. To view a copy of this license, visit https://creativecommons.org/licenses/by/2.0/.",40769,downloaded,
vuYSW75bLPkCPlsQ8ohp,Xima and Caril de Amendoim,,,,,,,,,,,no_match,
w78ku72wmc6G6CmS2gBy,Lablabi (Chickpea Soup),Lablabi,migrations\images\w78ku72wmc6G6CmS2gBy_lablabi_chickpea_soup.jpg,https://live.staticflickr.com/7010/6812868141_a820b00be1_b.jpg,https://api.openverse.org/v1/images/cea8ea8b-f3ea-4e16-9569-36480dfec621/thumb/,flickr,Lablabi,jumbledpile,by-nc-sa,"""Lablabi"" by jumbledpile is licensed under CC BY-NC-SA 2.0. To view a copy of this license, visit https://creativecommons.org/licenses/by-nc-sa/2.0/.",166259,downloaded,
wSD69ss2Cx9WRUVFotal,Beans Porridge,Beans Porridge,migrations\images\wSD69ss2Cx9WRUVFotal_beans_porridge.jpg,https://live.staticflickr.com/3690/11015701753_175f0cfde6_b.jpg,https://api.openverse.org/v1/images/0d2a9f75-14bc-4a0b-9a52-a41c3ab11fd6/thumb/,flickr,"Cheesy bean porridge, kale and eggs",txfiddlechick,by-nc-sa,"""Cheesy bean porridge, kale and eggs"" by txfiddlechick is licensed under CC BY-NC-SA 2.0. To view a copy of this license, visit https://creativecommons.org/licenses/by-nc-sa/2.0/.",209655,downloaded,
wYuCSk620DrDYAxxHwCq,Sisi Pelebe,,,,,,,,,,,no_match,
whn2QHHiqIkG2Yl7QSEh,Abula (soup),Abula,migrations\images\whn2QHHiqIkG2Yl7QSEh_abula_soup.jpg,https://live.staticflickr.com/65535/46997140214_6cf1d26fa3_b.jpg,https://api.openverse.org/v1/images/277d2093-aff2-41ea-9a50-65534927ab5f/thumb/,flickr,Delia abula (m),Nigel Jones,by-nc-nd,"""Delia abula (m)"" by Nigel Jones is licensed under CC BY-NC-ND 2.0. To view a copy of this license, visit https://creativecommons.org/licenses/by-nc-nd/2.0/.",121997,downloaded,
xGbDVXeO59LZOcMIA07T,Ofe Akwu (Banga Soup),,,,,,,,,,,no_match,
xVz1LFHqusYxqPBHcIo8,Ras el hanout,Ras el hanout,migrations\images\xVz1LFHqusYxqPBHcIo8_ras_el_hanout.jpg,https://live.staticflickr.com/7349/11699238303_7b308ff567_b.jpg,https://api.openverse.org/v1/images/a90333de-76be-49b0-9b5c-542f6b32ff0f/thumb/,flickr,ras el hanout,anokarina,by-sa,"""ras el hanout"" by anokarina is licensed under CC BY-SA 2.0. To view a copy of this license, visit https://creativecommons.org/licenses/by-sa/2.0/.",124519,downloaded,
xaYGBQI5JtkeSGZQvl7H,Suya,Suya,migrations\images\xaYGBQI5JtkeSGZQvl7H_suya.jpg,https://live.staticflickr.com/3488/3221222830_bcf94a4263_b.jpg,https://api.openverse.org/v1/images/76aa1a9e-b43b-40c9-874c-d0ae5d580c13/thumb/,flickr,Suya take away,secretlondon123,by-sa,"""Suya take away"" by secretlondon123 is licensed under CC BY-SA 2.0. To view a copy of this license, visit https://creativecommons.org/licenses/by-sa/2.0/.",203759,downloaded,
xppbYj1WaeHWuGsyaNjD,Edikang Ikong,Edikang Ikong,migrations\images\xppbYj1WaeHWuGsyaNjD_edikang_ikong.jpg,https://live.staticflickr.com/3934/33268464122_1c3da0a36d_b.jpg,https://api.openverse.org/v1/images/297f58db-d481-4d99-8b8f-2fa7f3f28f34/thumb/,flickr,"Edikang ikong with eba at Comforter in the City, Glasgow",Kake .,by-nc-sa,"""Edikang ikong with eba at Comforter in the City, Glasgow"" by Kake . is licensed under CC BY-NC-SA 2.0. To view a copy of this license, visit https://creativecommons.org/licenses/by-nc-sa/2.0/.",150713,downloaded,
xrbQ2pXtkjuXsjBxAW2J,Bsisa,,,,,,,,,,,no_match,
yPPaypvK34PnrK63w5x4,Kedjenou Chicken,Kedjenou Chicken,migrations\images\yPPaypvK34PnrK63w5x4_kedjenou_chicken.jpg,https://live.staticflickr.com/3014/3065983913_d6b2dd0b6e_b.jpg,https://api.openverse.org/v1/images/670dabfe-17c0-4caf-bd27-6487332c81e9/thumb/,flickr,Kedjenou,jumbledpile,by-nc-sa,"""Kedjenou"" by jumbledpile is licensed under CC BY-NC-SA 2.0. To view a copy of this license, visit https://creativecommons.org/licenses/by-nc-sa/2.0/.",193951,downloaded,
yPsT2xlSa4UAQfhiREHF,Ogi (Pap) and Akara,Ogi and Akara,migrations\images\yPsT2xlSa4UAQfhiREHF_ogi_pap_and_akara.jpg,https://live.staticflickr.com/4327/36314269575_7ec206e139_b.jpg,https://api.openverse.org/v1/images/d903bf44-7833-46bc-aebf-f7c3f727f7df/thumb/,flickr,Akara and Ogi,MarinaCherbonnier,by-nc-sa,"""Akara and Ogi"" by MarinaCherbonnier is licensed under CC BY-NC-SA 2.0. To view a copy of this license, visit https://creativecommons.org/licenses/by-nc-sa/2.0/.",121834,downloaded,
yVP6U7Vd38ZhC99fQY1L,Liboke ya Mbisi,,,,,,,,,,,no_match,
yXRaY4hOmYmWrMipLaDH,Sauce Graine (Palm Nut Soup),Sauce Graine,migrations\images\yXRaY4hOmYmWrMipLaDH_sauce_graine_palm_nut_soup.jpg,https://live.staticflickr.com/3895/19115655462_ddbb38a9ac_b.jpg,https://api.openverse.org/v1/images/f13c8a41-8097-4852-b603-56ff650c6207/thumb/,flickr,Foutou sauce graine -1,aboukam@ymail.com,by-nc-sa,"""Foutou sauce graine -1"" by aboukam@ymail.com is licensed under CC BY-NC-SA 2.0. To view a copy of this license, visit https://creativecommons.org/licenses/by-nc-sa/2.0/.",178876,downloaded,
yaFyIPHmqklFDcGmUiYl,Ugali and Sukuma Wiki,Ugali and Sukuma Wiki,migrations\images\yaFyIPHmqklFDcGmUiYl_ugali_and_sukuma_wiki.jpg,https://live.staticflickr.com/8889/18201854911_5283475650_b.jpg,https://api.openverse.org/v1/images/b5a6678e-8fd0-4917-9785-b55161eafba7/thumb/,flickr,"Sukuma wiki and ugali at the Thatched House, Barking, London IG11",Kake .,by-nc-sa,"""Sukuma wiki and ugali at the Thatched House, Barking, London IG11"" by Kake . is licensed under CC BY-NC-SA 2.0. To view a copy of this license, visit https://creativecommons.org/licenses/by-nc-sa/2.0/.",226612,downloaded,
ypIVXxXWK1V8TEdKnqkL,Suqaar (Somali Sautéed Meat),,,,,,,,,,,no_match,
yz9oW8mzQ6x1cUrhOSoi,Brochettes (Congolese Kebab),Brochettes,migrations\images\yz9oW8mzQ6x1cUrhOSoi_brochettes_congolese_kebab.jpg,https://live.staticflickr.com/397/31664738612_15fe3141ec_b.jpg,https://api.openverse.org/v1/images/1ec1f69c-19ea-424e-b250-2972043170c8/thumb/,flickr,"Galettes de Xining, brochettes d'agneau et thé salé. Le cuisinier dans sa guérite",Gongashan,by-nc-nd,"""Galettes de Xining, brochettes d'agneau et thé salé. Le cuisinier dans sa guérite"" by Gongashan is licensed under CC BY-NC-ND 2.0. To view a copy of this license, visit https://creativecommons.org/licenses/by-nc-nd/2.0/.",127343,downloaded,
z3kIC0YRlIiBveDMLpVZ,Groundnut Soup,Groundnut Soup,migrations\images\z3kIC0YRlIiBveDMLpVZ_groundnut_soup.jpg,https://live.staticflickr.com/7031/6709134111_690fe4aedd_b.jpg,https://api.openverse.org/v1/images/3907f6f1-2075-46c1-a560-a93015ecd9f2/thumb/,flickr,Groundnut soup with banku,gwynduns,by-nc-nd,"""Groundnut soup with banku"" by gwynduns is licensed under CC BY-NC-ND 2.0. To view a copy of this license, visit https://creativecommons.org/licenses/by-nc-nd/2.0/.",131621,downloaded,
zCMZGcK34FHOaYcrb1oj,Wali wa Nazi (Coconut Rice),,,,,,,,,,,no_match,
